client_id,tx_id
C0001,T54E8F1697B69
C0001,T98F6030D82C5
C0001,T474C23F001BC
C0001,TE750189DAFF1
C0001,T07D3F5FD6867
C0001,T44D6337E14C8
C0001,T6B3CAD3F0D66
C0001,T41FB70752662
C0001,TCFE680C9DA45
C0001,T8CC5C8806597
C0001,T3B9814E2E74C
C0001,T9075A6AD17F7
C0001,TD286A798D930
C0001,TD62D1390213D
C0001,T77B89189E5DD
C0001,T73944D3C1C46
C0001,T60BCAB9D3C90
C0002,T4F15C01066A6
C0002,T61149EA469B5
C0002,T13D1E5D19679
C0002,TF36A4B90726A
C0002,TF7BC6134E4B8
C0002,T1542FD2CBE38
C0002,T52551481C929
C0002,TB414AC5A02E8
C0002,T06348AF2E723
C0002,TD30C2576F6CF
C0002,TBC772FDDB2CC
C0002,T8E911EB33156
C0002,TDC0EEECA6CD2
C0002,T105268D1621C
C0002,TFC9071E86D04
C0002,TE69AC13C0E67
C0002,T6997ADD16802
C0002,TB6E232889D15
C0002,T8AE2146EDA7D
C0002,TC01CB807A6AA
C0003,T13F93E8A0583
C0003,T200A76517FB9
C0003,T58577F1702A9
C0003,T3CD558CF84C5
C0003,TF31F7CA9D065
C0003,T1E4F1CACF5DE
C0003,T93006DC145B7
C0003,TFB51EDDFD3BD
C0003,T610536B4D05A
C0003,TA788A77362A1
C0003,TAD1EF7AFDD43
C0003,T5D4AA922FB72
C0003,T150D28A82C4D
C0003,T75499812E3BE
C0003,TE7F90BA38DEE
C0003,TBCCACE905C6D
C0003,T239D86588536
C0003,T4F34D5A84678
C0003,TDA93DCE1DC00
C0003,T3024E4FEBE03
C0003,T5B550C6EBB2A
C0003,T67E72A28E306
C0003,T8D36D888C0BD
C0003,T504C002839F0
C0003,T6EAAB5C08C36
C0003,TBF7585491544
C0003,T4959A03B6283
C0003,TE31D112F974E
C0003,TCA35E7E2F99D
C0003,T4978ECBA1FCA
C0003,TA430ABC70258
C0003,TE910ACFCE2AC
C0004,T05CECCF2A6CF
C0004,TA8A0D6C14396
C0004,T71F0152EA12E
C0004,T42ED967FDADB
C0004,T26C5B8B01210
C0004,TD1695D72214C
C0004,T0D0FAA1E7EA7
C0004,T65F65BCE0DB1
C0004,T7D4877CCC29A
C0004,T5B2B074B5B1B
C0004,T8ADE89F9E2AA
C0004,T1742E19A7D80
C0004,T7EA81B3367F3
C0004,T6D30E3106841
C0004,T9E1714310378
C0004,T5480081A17F7
C0004,T0421A293DB84
C0004,T2FACEEE72DD9
C0004,T6D60103BCF18
C0004,TE340150CEB4C
C0004,TBE945613CBAD
C0004,T8698415C1DEB
C0004,T092AFD0F38AD
C0004,TF519A6AD7F37
C0004,T341F0BE4AFEC
C0005,T664F88B350E7
C0005,TE5761A79D3C2
C0005,T58D31524DF9E
C0005,T1147E3204F27
C0005,T97E3949A92E8
C0005,T4F1E6A4F5600
C0005,T7CC7653CE77E
C0005,T5AD1CD5A1820
C0005,TF56DA17EFA53
C0005,TDCC024DD3070
C0005,T805CFE943BF5
C0005,TD3A150E6F3E6
C0005,TF3624D0028B0
C0005,T0DCB5AD1FDF7
C0005,TF1431EE02FEB
C0005,T3266E938D7D3
C0006,TA0F527515287
C0006,T82FCB614CD90
C0006,T8EAE22BE97B8
C0006,TF3B97055D0D3
C0006,T4FB5CB1E8CA2
C0006,TD7BD082E9F5F
C0006,T544B9EDCE1A9
C0006,T16279C2E24DD
C0006,T00DE2F83B0A0
C0006,TA69F6006594A
C0006,T06737875EC6B
C0006,T95284C0C680B
C0006,T4D242E6F04F5
C0006,TB3ECAA278D6B
C0006,T88D06BD63F3E
C0006,T63E9122CFD75
C0006,TAC6A1F427963
C0006,T976D05D096B0
C0006,T87B1F5E1989D
C0006,T1E3E57D2D5F0
C0007,T90597D1B56AB
C0007,T62D17BCBA280
C0007,TC5F0E6E2A6EC
C0007,T531C40CE39A6
C0007,TD066864D0DFC
C0007,T8F0079775A4C
C0007,T757BB0B71837
C0007,TA68C972A5F5E
C0007,T043E9BAC9695
C0007,TAFFCB7F7EF19
C0007,T1EE140B83277
C0007,T21F23344924A
C0007,T8CF5C3B95F98
C0007,T7F6918153B36
C0007,T19B2D4F0A1BE
C0007,T33CDCF06CFB5
C0007,T7830443B5AAF
C0007,T321CCA286FA8
C0007,TBC92DA063D8D
C0007,TC96B9E9894E7
C0007,TAD7C00A474FE
C0007,TE6ED52E39FEF
C0007,T70278CDB81E8
C0007,T61410F8CF30D
C0007,TCC6AEDDDCA11
C0007,T39979C04CBE1
C0008,TE688E002922A
C0008,TEBFAA79027E3
C0008,TA01919E0F54E
C0008,TD9EF458FAA6D
C0008,TCF587B6C915E
C0008,TF4518E16137D
C0008,T88C2B96A314A
C0008,TA751178D951A
C0008,TA9CEA1E059C9
C0008,T5C8161FB118A
C0008,TE2C2E168F2C6
C0008,T7BD523FDF2CD
C0008,TD0945E155F6C
C0008,TD9E700A683C1
C0008,T605F2D2B11B2
C0008,T2D0B51A28921
C0008,TF196AC26FF06
C0008,T4814C8CE4AD9
C0008,T1F4314D681A4
C0008,T43E768944EE7
C0008,TEC7A2BEAC962
C0008,T802E7A4BD352
C0009,T75C550AD2A59
C0009,TF317A9492F24
C0009,TEEBC8B8AE738
C0009,T5288D7275828
C0009,TFEF988DE886C
C0009,T4AFB7008CD16
C0009,TD2BA85BE3605
C0009,T6A0F297AFAAF
C0009,TED54FAF697CD
C0009,T78CE3AB6AA56
C0009,T2E8D65EE1C6B
C0009,T398D7F140570
C0009,T733CF36979DF
C0009,T2E76EEC05F7C
C0009,TB8322B7C66B4
C0009,TC2E5C21639C7
C0009,TD0BCCE7EEB74
C0010,TBA8216F33D20
C0010,T92E7CA091268
C0010,T6865E321B77C
C0010,T767BEC4CE156
C0010,T9EA9CFEC4333
C0010,TD5BC0F5D091F
C0010,T55AA82145C2A
C0010,T42900C4C8FA8
C0010,TFA410E69890C
C0010,T2079EDE85644
C0010,T08F1DBC39614
C0010,T7C914BC5A54C
C0010,T40A3591F907D
C0010,TEDDD914732D4
C0011,T21281D96099B
C0011,T5985580AE0BD
C0011,TC20749208DD6
C0011,T754B1C3E16E1
C0011,TBC550C711A12
C0011,T59C1608ACA7D
C0011,TB7866DCEE98A
C0011,T5ACF6C9EC7F3
C0011,T57EC053CB9C7
C0011,T33E026E0FA0B
C0011,TE2301B28E836
C0011,TF83CA9154D0D
C0011,T0534DCB3C175
C0011,T03D0E34C0DD4
C0011,TF0DD597B7CA8
C0011,TE6C0315605C4
C0011,T478146C635F7
C0011,TA74997EF7643
C0011,TB4C7C58565B0
C0011,TF27CCD8BE23F
C0011,TB48B961F96F6
C0011,TD3DB3182065E
C0011,T63A96A0EE134
C0011,TC4F6935463A5
C0011,TD3C464A1FD70
C0011,TE190E4BA27FD
C0011,TC24E8B0B6DD9
C0011,T5C2870BD7CB5
C0011,T97F4B4DC0529
C0011,TF90E101DE0DB
C0011,T064339A3596A
C0011,T199585BBA698
C0011,T0958FD29CBBC
C0011,T5C0C3FEF5C41
C0011,TFBD63172FD81
C0011,T33EF01B59A1C
C0011,T8517D885273F
C0011,TB63A913FDFFC
C0011,TF298C8C70E96
C0011,TC75B75E5984A
C0012,T4E9A77621181
C0012,TA7DCF95C465E
C0012,T340CDC91273E
C0012,TA43922AD5663
C0012,T35A24D71ADE6
C0012,T2CFDB3D1FC3A
C0012,TFCA0691F9888
C0012,T7BBEF927A310
C0012,TB3E08CDDB1CE
C0012,TA1F12DD0BB47
C0012,TF1E4C3D7D091
C0012,TDCCCE2805CDC
C0012,TA5085CB4D7FC
C0012,T788ED70D2D32
C0012,TA414801A8C63
C0012,T85EB68348F93
C0012,T431A05768A1A
C0012,T42DA04EF5520
C0012,TD03D108503CB
C0012,T0176310CC13C
C0012,TA2FAFE306BEC
C0012,TA604AF5B5469
C0012,TA8704280B5D7
C0012,T31E3A8685E1B
C0012,T6F2A8C105DF9
C0012,T8AD30BFD1D73
C0012,TED33ECD84A4D
C0012,TC4063056DEB2
C0012,TD7847EFB0A15
C0012,T4EF966A17794
C0012,TF21393BAEE3A
C0012,TC02467E50C10
C0012,T971686850C4C
C0013,T926A32B0E174
C0013,TAE7878F6FEDC
C0013,T121BCDCE377A
C0013,T4F515DF01361
C0013,T1D33814F426B
C0013,T3167289F16DB
C0013,T4F970CA4448B
C0013,TBADF6593429C
C0013,T02EE57357216
C0013,TFB00ED799162
C0013,T0C158A9B3056
C0013,T20F5871106BC
C0013,TEF7BF0A0965E
C0013,T53F3C7A45B1C
C0013,TB1E582CE0B6D
C0013,TC7D2FFD01F0B
C0013,T04B1D8D328E4
C0014,T9D6FF2AAA079
C0014,TD3CE27110AB1
C0014,TE8E274598130
C0014,T5189EAF4BB31
C0014,TB2663779D3C9
C0014,TBAD239515F6D
C0014,TE76A1EFD900A
C0014,T2699D23F22D9
C0014,TA70EF69136E7
C0014,TB9FBC5C4AA23
C0014,T9C9C6243484A
C0014,T9B49A39680A1
C0014,T753302983248
C0014,TB583A41F2B47
C0014,T4FC03BF52C18
C0014,T0A6E7942F29F
C0014,TCC9F5652F4A9
C0014,T2C2B9FAD6AF1
C0014,T196A607F979E
C0014,T03E3ED7235E7
C0014,TC955F701B740
C0014,T2F50C7E46E62
C0014,T5015DFDEB1F6
C0014,T59548A4541E9
C0014,TEBC2B9616B6C
C0014,TCC6A5291CC09
C0014,T1522989AC20B
C0014,T9FB5B36371E4
C0014,T5F9624A7ACFD
C0014,T11C7FF1B7E82
C0014,T6DA089A5AA6D
C0014,TCF85504234F6
C0014,TE9E6DEE5B410
C0014,TEFCB1402E7D1
C0014,TB10D7813BAAC
C0014,TDC19F081D784
C0014,TA655B5DC2401
C0014,TA11B3CF1B9FB
C0014,T1A635E8E0EBC
C0015,TAF5CFEE2A491
C0015,TC2C5F4543836
C0015,T0E5E721AC938
C0015,TA705A78D25B0
C0015,TACDB26D578DA
C0015,TE88AFEA30541
C0015,TC8018EDCE4FC
C0015,TA5A32AA41D69
C0015,TF03FF051E11C
C0015,T9B4825C0BF76
C0015,T485AD08141F6
C0015,TA480341A363B
C0015,T566A7A417D2D
C0015,T5CE2B1180BCA
C0015,T0B5DF4C9D326
C0015,TAF1529D4F35A
C0015,T3B9BD527C681
C0016,T108F1C91B1CC
C0016,TAC4EE6566445
C0016,T3FA467A3C8B6
C0016,T2F0FFD0F55B4
C0016,T886A1F1CE1AA
C0016,T4CDA7051314F
C0016,T51E5A949AEAE
C0016,T82056081DE71
C0016,T425F31ECB488
C0016,T588CB263C85F
C0016,T889526C40C1B
C0016,T344AB9B75EA1
C0016,TD0A6B6285F1F
C0016,T987B599FD9FE
C0016,T0EE64D0875D7
C0016,T118741744C20
C0016,TA6F5A73D1C7C
C0016,T0B56F12E48CD
C0016,TE644D8E2C801
C0016,T2F81BCEBAE22
C0016,TC3D6F7469CFE
C0016,TF29DC22AE533
C0017,T242F1B0E7D38
C0017,TABE4C9AE797E
C0017,TD9A85772DDEB
C0017,T5BE6EFF1C675
C0017,TE35DFE833832
C0017,T1E25105DCB9A
C0017,TCAA719E74DB3
C0017,T7C2E8BC9C507
C0017,TB8FB6DF25326
C0017,TCD8E512F2499
C0017,TBF0A56F039DF
C0017,TA4DD7CD021CB
C0017,TEF89E774AE47
C0017,T5B3F5C4D85AF
C0017,TD8D1AC4426D2
C0017,TBABBA504BDB2
C0017,T55D86A5083BA
C0017,TA84B099CBB2B
C0017,T432374191450
C0017,TCD58727D4B2B
C0018,TFFA63CEA73CD
C0018,T2420AEBD556A
C0018,T12947A274E4E
C0018,T7C96123D4D14
C0018,T6124F41F3E37
C0018,T0DBADA4270B9
C0018,T3C355E88C135
C0018,TB588D1F2844C
C0018,T8E254484C6B0
C0018,TE26E865C401E
C0018,T3A26A4047D4F
C0018,TCA70E2528310
C0018,T6BE3684F0C28
C0018,T274A50CA1D9F
C0018,TFE90F1011119
C0018,T7A7FAB7B7EEA
C0018,TDCD008F68B39
C0018,T92C794817794
C0018,TB23CA6C0063D
C0018,TCFC0AA480B54
C0018,TC03D75F2EEAE
C0018,T7A2FC0FC00A3
C0018,TD498FA3C53B6
C0018,TF5C31233F4BB
C0018,TEBFE14653217
C0018,T678FB46A1C9C
C0018,TD7F91418E65E
C0018,TC457425FFB04
C0018,T2501CE996414
C0018,T94D7C96DCEDE
C0018,T76DDFBB6387E
C0018,T9985D3BF6D20
C0019,T45770AAF0A8F
C0019,TF2CFBE3319B6
C0019,T359035CEC41F
C0019,T894A019513F1
C0019,T357B90898495
C0019,TA789198D4717
C0019,TF26F5AEAF44E
C0019,TA00277E7A8C9
C0019,T99A512F2AF5F
C0019,T69CB6ED08CFF
C0019,T1F2C0E0E3A7F
C0019,TEDD3A549B129
C0019,T73D07BEA389F
C0020,T76F050304C03
C0020,TE94E4CE4E404
C0020,TB7288BF9FE1C
C0020,TC42FAFE7308F
C0020,T50E305B7F205
C0020,T96FF9306CDD3
C0020,T3233942B6967
C0020,T449155FD380C
C0020,T7E4947771FDB
C0020,TA2A079D06D6C
C0020,TF2DC683D76FD
C0020,T37AA48FB883D
C0020,TCD81390C93C0
C0020,T83BC54E7F402
C0020,TC48735BA5C98
C0020,T0045687C0660
C0020,TA132992EE6A6
C0020,T28E339E93A87
C0020,T810B375FF776
C0020,T2152C6D93F8C
C0021,T119C773587C9
C0021,T22ED97B08D28
C0021,TFD216E4A01AE
C0021,T062FE82F222B
C0021,TE73EBB3F97DB
C0021,T99530B02E6B8
C0021,T89C4FBF4D602
C0021,TEA06F521B927
C0021,TECD440762D4A
C0021,TA1F80C9445D2
C0021,T72C32DCCE559
C0021,T8B05B4A58999
C0021,T9BAE5CC0959A
C0021,T800E768C780C
C0022,T63BFA17ADB7C
C0022,T676ECC5F4B46
C0022,T41DA1EB60D8B
C0022,TD687A0AF512D
C0022,T60DFF5CB2AEF
C0022,T1040D74A12E7
C0022,T0A5F8FBDCAD1
C0022,T3A4F8067BD8C
C0022,TB003F4216558
C0022,TDF3E2F36ABB3
C0022,TA7AEF6B6D430
C0022,T949E4E265ED5
C0022,T783C1E853CCE
C0022,TCBB873DCBAE3
C0022,T3E496EE47F37
C0022,T041DA2F701A4
C0022,T19C8895529BF
C0022,TB2970E3BC4D8
C0023,T21FE17D596DF
C0023,T46EF4DEE50C9
C0023,TC3727A028629
C0023,T5EEEB9BF5652
C0023,TFC72D0A5111B
C0023,T86175FBC6747
C0023,TF961DD154458
C0023,T8D9993DCB3B5
C0023,TD3C729CA4A5D
C0023,TA0A229FA826B
C0023,T3AB8EB8AA65A
C0023,TEEB5F5465244
C0023,T4F957F96D26F
C0023,TB6FEF9DC6102
C0023,T71A5DC994C3D
C0023,TCC54A813F0A2
C0023,T753C7AFDAEFD
C0023,TF422A5B79001
C0023,T574C4AEB7C0E
C0023,T350A363FC525
C0023,T3F2A41FE76B2
C0023,T6431E3DD2A61
C0023,TD3457FACDF49
C0023,TE9DA7E511F0A
C0024,T4205FF07ADF2
C0024,TAF169C01514C
C0024,T0938518C51B0
C0024,TDF7B94A295C9
C0024,T72EC5AB3EF02
C0024,T4DA1CC81F888
C0024,TE7F571E374ED
C0024,T2FBE88412553
C0024,TCF7DB07B05E9
C0024,TFAA7122BB92C
C0024,TF1D4146BCB5E
C0024,TDF5EA6A5AA0F
C0024,TCB483954B5B6
C0024,TE5414A0D9526
C0024,T04638FE36A76
C0024,TEB8B7FF0375F
C0024,TA2DBC7A61B18
C0024,T3D1B5C7CFAFF
C0024,TE4CA8AC6FEAD
C0024,TD9036494E6A7
C0024,T1791D3D48BBC
C0024,TA56C54181334
C0025,TA37ED8665480
C0025,TC3C6C4BAE704
C0025,T660FDA4547EF
C0025,T55FCFFB646DB
C0025,T108FD64AC5FF
C0025,T946A2F9D97AC
C0025,T7DD4D0F16689
C0025,T136D59EBD0BA
C0025,T546080CECEC8
C0025,T593BBB247F62
C0025,T992946972B79
C0025,T5123D94797DB
C0025,T8F658545DD31
C0025,T379288300E20
C0025,T6383BDBDD6E9
C0025,T03AC00146B27
C0025,T74A0C902E481
C0025,T106DE9069A49
C0025,TF41ECC41687B
C0025,TE9D772CE149E
C0026,TCD3AE35AFDFF
C0026,TAD04CBEEDA55
C0026,T75663661BB4F
C0026,TBC5E91C18473
C0026,T1D5E1E46A521
C0026,T4F21C0ADDB86
C0026,TF10C69253697
C0026,T7A7E3CE4EE92
C0026,T474290B2B37E
C0026,T2F8DD639C124
C0026,TAF69BD4569F9
C0026,T0B689731BED7
C0026,T89D6C5DF31AD
C0026,TA1393A7730B2
C0026,T37E1F536B5A8
C0026,T0BFD9925918D
C0026,T7A922E7FB561
C0026,TB5CBA13D59D6
C0026,TAC9F66F06471
C0026,TDBF4EED24D35
C0026,TA38BA3D94213
C0027,T76AE73771898
C0027,T04C7BB6F764E
C0027,T207BD0677D1B
C0027,TE07FA4EF5B25
C0027,T86EF34085A92
C0027,TF3E6B9224DBE
C0027,T13BF4293C84E
C0027,T3136089DBADC
C0027,TC994B161A634
C0027,TC3078D3BCFEB
C0027,TF0F2EA501403
C0027,T567BD073F431
C0027,TD57873D6EA59
C0027,TED4E30AFECF8
C0027,T6BF7ECDF1D5B
C0027,T5F74893827F6
C0027,T0B2C6465012B
C0027,T63AD1A224233
C0027,T3ED2D4ABF8D1
C0027,T5235162A310F
C0027,TB6A4735F2AE1
C0027,T6F6A3D38813A
C0027,TCF072F929039
C0027,T88CCD62023DD
C0027,T47017BFB7A87
C0027,T4B46149E979D
C0027,T174DC3FF0B00
C0027,TA5E6D96B9B8E
C0027,T717025A8091C
C0027,TA9E98D12B62A
C0027,T01489FC677D3
C0027,T441F480D4316
C0028,T82B18A58CADB
C0028,TFDE7BAB8DE6D
C0028,T5FA780BCDCDA
C0028,TD797203418E0
C0028,T542F3A89EDFC
C0028,TECCE4125827F
C0028,TC3029622E356
C0028,TB436529B5AC9
C0028,TD836EF32F314
C0028,TAAE216CACB3B
C0028,T8E20D24CE9A3
C0029,T478A4F297E6F
C0029,T077B72992340
C0029,T3C2A1872CD61
C0029,TC0A6D07B91D4
C0029,TF9F1AC9A10CB
C0029,T3D90E0183E6E
C0029,T7D060E4D10F2
C0029,TBCE786872C96
C0029,T1A73736365B5
C0029,T4D9BB313BFCD
C0029,TDA280C175407
C0029,T77978EB8184F
C0029,TA52B4ABDC61A
C0029,T7BFBA0126BF4
C0029,TC4583308C4E5
C0029,T97F570DF4C19
C0030,TA0D8DAED844A
C0030,TFCC41FEA6E7F
C0030,TC8792551C474
C0030,TD468EE663402
C0030,TB68648C226BA
C0030,T6CF3D9646D95
C0030,T40B68A248CE2
C0030,T7F7877793271
C0030,TEF9F03D23545
C0030,T9750D457520F
C0030,TDB619BDAF405
C0030,TA7DACAB7F176
C0030,T454ED62ABD19
C0030,TEBBF7FA33177
C0030,TD998446E90AB
C0030,TDA562F32AE09
C0030,T202363775347
C0030,T167C60BA6848
C0030,T535886D323E5
C0030,T87728CF85508
C0030,T49AC505C7747
C0031,T5438810FA51C
C0031,T9F7901381EF4
C0031,T2F78347F4766
C0031,TA5C400B47EFF
C0031,TD65A9A9C2C8F
C0031,TAE89CC9E36F5
C0031,TC39C8065E6D1
C0031,T58B5918A3890
C0031,TF8919769FF97
C0031,TFBED18EE4474
C0031,T5C8B1C0176FF
C0031,T461311F08855
C0031,TF9C6C9FA1AE3
C0031,T963DB17210EB
C0031,T587CBD1B1EF9
C0031,TA403F1E65FD3
C0031,T0B6DCC75BD11
C0031,T67A7C8F40C31
C0031,TD041C34C6EB1
C0031,TD61C4C975961
C0031,T362198F06B10
C0031,T74825EEB10C5
C0031,TAE653FC23429
C0031,T841D2D893451
C0031,T343E22A3BD50
C0031,T6B3077D1463B
C0031,T2E7544E8B407
C0032,T3C9E2502F9B0
C0032,TACBF3C676A93
C0032,T4B150CCA671E
C0032,T575ADAA439B1
C0032,TE20B07944789
C0032,T42C4D8AAB278
C0032,T520DAA003E4D
C0032,TF254B3C5D168
C0032,TEDDAAB21F06E
C0032,T93459B9CC82D
C0032,TF9A180CE88BC
C0032,TEFE68FF70349
C0032,T236D1707BD78
C0032,T3714B4DCA837
C0032,TB26151FCA007
C0032,T5724D6C4A2F8
C0032,T01DE05037318
C0033,T6C9521DE47AD
C0033,T623536202CB6
C0033,T86295DF9E656
C0033,T64BE6366BD4D
C0033,TB200C2A26881
C0033,T76F24A7CE37A
C0033,TD78609019C1B
C0033,T4A1A34622D15
C0033,T8CC70C3730E2
C0033,T5B785F769843
C0033,TE7910780B6BD
C0033,T1FA62F02379B
C0033,T7C1F52198DF2
C0033,T5BBC927BF064
C0033,TA4D29C372CC0
C0033,T0575D29F6457
C0033,T695172D423D4
C0033,T7033F81082B5
C0034,T0717B8928D28
C0034,TC55AA1220FCE
C0034,T9B2D12CDBA7A
C0034,TF1A4291826AF
C0034,T290E2D6539EF
C0034,T8D76ECC99535
C0034,TFD555D8A73BD
C0034,TFBAC77EC3C10
C0034,TEF50ABE6AA01
C0034,T0A29C18DF7EF
C0034,T16D6232757D9
C0034,T51C708F7D7BC
C0034,T292B58D176C6
C0034,T5AC2453A922C
C0034,TE4433069EB82
C0034,TC5D248F7ED0C
C0034,TB75837F84F6E
C0034,T68222BC8D4DF
C0034,T4587EAB4159D
C0034,T3BE1EEF7D828
C0034,TF770E4C7773A
C0034,T178F04EF0565
C0034,T1D5F2C879071
C0034,T4E57A637707E
C0034,T4BEB5A38CAA8
C0035,T0149C7B0506E
C0035,T3D0F3398C1E6
C0035,TC69239B1CE14
C0035,TBA55E2ECD1BE
C0035,T070B7A92AF61
C0035,TBB90E8E0008B
C0035,TC9BB1022E5ED
C0035,TA1C0AF5B07AC
C0035,T37594DFE9CEC
C0035,T7CD356CE6712
C0035,TD3217E9D6D12
C0035,T5E7C57F9ECC0
C0035,T312DE5CFB04D
C0035,T109C69CB1DD2
C0035,T2B1D1934885F
C0035,T36AA0FE286C8
C0035,T6124F496873B
C0035,T6A8BFA16D908
C0035,T50D372E23A7C
C0035,TF5FADD53E2F4
C0035,T2E0F398CE248
C0035,T289BBAF72066
C0035,T5E4E08D5689E
C0035,T4C49DF11AD1A
C0035,TB2DF043C45E2
C0035,TB413720ECED0
C0035,T56227F040559
C0035,TEA850EEBF8D8
C0035,T4425859825DB
C0035,T9BF01B649708
C0035,TE1D2729817AA
C0035,TC5B1DAD8CCDE
C0035,T472259D20799
C0035,T787EDEFAA234
C0035,TF05C82570279
C0035,T7ABFC744DC6D
C0035,T776F0D042180
C0035,T5BCC947DC5FA
C0035,T8B36B48B2F37
C0035,T3A150E2B5BB7
C0035,TD0B6E2F44C59
C0035,TAD9A131952E4
C0035,T40C8EA8058D8
C0035,TA5BE5B10C10F
C0035,TAB741F46F71C
C0035,T8E73A8D0B2EA
C0035,T4CF93146E908
C0036,TF54AA6B95DB6
C0036,TD37F427DCC1F
C0036,T5B32E937FE97
C0036,T00B168091EC3
C0036,T63798E29284B
C0036,TDA9AC82C1DE7
C0036,T52DA1699B4B4
C0036,T869437110739
C0036,T46ECC7097EFA
C0036,TB150EA43928C
C0036,TBCCEFCEAE122
C0036,TC5A977880218
C0036,TFD09F4E3489F
C0036,TCC1384C8795E
C0036,T4B0D5B376DC1
C0036,TDBB1894BC077
C0036,T4134C2A2CF3C
C0036,T67649DB58D7F
C0037,TF789CF7E3FA1
C0037,TC6F7158C0D91
C0037,T7CB93D776210
C0037,TC5885C33991C
C0037,TFE3DB552B69C
C0037,T1047945C8149
C0037,T4FB620534BED
C0037,TA20920FA5FC7
C0037,T07F283AC3C55
C0037,T5F0E18CB79B7
C0037,T3F656B07488A
C0037,TAA7A6A30655D
C0037,T3B1BC6F4ACE9
C0037,TAA8E44A99937
C0037,TBE0877C1DC00
C0037,T19FE520F3A71
C0037,TCA9A619701AE
C0038,TAF46684E6D96
C0038,T3BB62037DEF6
C0038,T4C379D4DA308
C0038,T85B70692281A
C0038,TB4060B417EB5
C0038,TA26FFFDD2118
C0038,T6A9941F6F0C0
C0038,TC794A568325F
C0038,T7D72903EB662
C0038,TBB9B3D733EA4
C0038,T3567EB92ABF7
C0038,TF37C984DB468
C0038,TC00C1F20225E
C0038,T2AC308432C69
C0038,TFC0DFAEF1FA1
C0038,T520B175D8411
C0038,TDC329823A51A
C0038,T5E8287DDF28B
C0039,TFB211A395380
C0039,T5C7E6626C3C7
C0039,TB4F839ECCF1A
C0039,TAEDF519EC74D
C0039,T1718FBEED271
C0039,T0ED68BD16516
C0039,T8680B1863182
C0039,T78E395055F11
C0039,T3D58B28D330A
C0039,TC94038FBD3B2
C0039,TFB2E706D1554
C0040,T4F2D333167EF
C0040,T02C823F73E9F
C0040,TA8661DC6C5AE
C0040,T1ECC0645E5AD
C0040,T738EE39B068B
C0040,TB95937C9C219
C0040,T85807D95A148
C0040,T1DB98E3CE98C
C0040,T9C2CAB7BA2B7
C0040,T9B3A5D55EBC8
C0040,TE1896E78A9AD
C0040,T3A49DF685E9A
C0041,TF7D3939E0191
C0041,TD319C6E01B06
C0041,TF4BDB8C00BAE
C0041,T47BFB727744D
C0041,TB66C0926275A
C0041,TFD34D9033EA4
C0041,T0890D58A6CA9
C0041,T781DFF6F815A
C0041,TDFEEC72EAE90
C0041,TE4EAE799BA91
C0041,T35CE3E89E4A5
C0041,TD9D71B6A21EC
C0041,T75EC03154FD8
C0041,T724F5122C2EA
C0041,T3B0B4FBC6533
C0041,T14E644F28A43
C0041,T9CC3F6CADD83
C0041,T0CB951D87154
C0041,T6327477BF4B8
C0041,T3EFD5C830C18
C0041,T249479B5A57C
C0041,TD017C96BC1EC
C0041,T799150A64343
C0041,T4ACB9537DBA8
C0041,T2805EBE88B62
C0041,T4CD5F15384F7
C0041,T46483B030CB5
C0041,T034A811231DE
C0041,T76A0DC059A16
C0041,T56716DBD3462
C0041,TDEA31926866E
C0041,T9F6B6CEA74D4
C0041,TFDDD1B59C9D9
C0041,T58C4F55F53BB
C0041,T8493E0A38679
C0041,T89A52884C4BC
C0042,TBE6537121D1A
C0042,T4D84270268AA
C0042,T55A6FD00C6EB
C0042,TA5D928199B6E
C0042,TC4D52ACFF03C
C0042,TC5F692C676E8
C0042,T0C4D9E61E674
C0042,T9A90A16801D9
C0042,TB67B3DBAF10D
C0043,T1C50CE409053
C0043,T262D80D792C3
C0043,T3418E6C7DF43
C0043,T71DC2A405798
C0043,T0DC852E834BC
C0043,T96D302360478
C0043,TB8CD431BF504
C0043,T3B29A06E1B6D
C0043,T8BE9BF43E71B
C0043,T5393EC0F9CDA
C0044,T0D50E6E4E240
C0044,T6158DF4DAA78
C0044,T7F35B945DDE9
C0044,TD6D79E55DEAB
C0044,T813D5543E724
C0044,T21A3954A9C13
C0044,T13272BEC72B3
C0044,T8A24811AC7A9
C0044,TFDA906780943
C0044,TFE7046AFEF23
C0044,T033B3857F17D
C0044,T2B9E7A0BBB83
C0045,T600BF7A76A4A
C0045,TEC450641A511
C0045,T9D025A7F9788
C0045,T042E20BEA066
C0045,TDE576A18A4A4
C0045,T2D8FD564116A
C0045,TD8BFB39BCEDE
C0045,T851EA3E65D2D
C0045,TBF95DAAC9BFD
C0045,TC006AE8F0190
C0045,TB4C57AAFF674
C0045,T7817F7689BC7
C0045,T42BD579A171A
C0045,T268017AED3F9
C0045,T9E5012CA8B3A
C0045,T92FAB5C77498
C0045,T8F337A980861
C0045,T513C9D210853
C0045,T8285515B30CE
C0045,T3E4220498DAC
C0045,T4DC10D21D58F
C0045,T30AE6C00F85E
C0045,T744A3F6047F5
C0045,T80C5A27F61DE
C0045,TC28AA45BBD13
C0045,T79FB68D8D343
C0045,T3C8C2ACB8EAD
C0045,T287A9E132C85
C0045,TB1741F0B722A
C0045,T8E1A88BD5B51
C0045,T7B7B3B2BF2C9
C0045,T2D1A397D84B6
C0045,T0CE22859DEEE
C0045,T5418DB96CDFE
C0045,TDF0665B7297E
C0045,T50EBDEF2C1EF
C0045,TD74CABB137D5
C0045,T55CF36B563A8
C0045,T6B69F12F4C94
C0045,TEBCFB97FB09B
C0045,T2F7E155F4DA4
C0045,T1F572F86DCB2
C0045,T851EF62B8B65
C0045,TB4023AA09D94
C0045,TC1FCE33C005F
C0045,T77727DAA0267
C0045,TB037A6FE609F
C0045,TD7B2DE453E9A
C0045,T88D61D43337F
C0045,TE4FE0C92B5A5
C0045,T707EC628C84C
C0046,TCC31867DE180
C0046,T7F3DF8F07870
C0046,TBD2AB2A89E74
C0046,T121BA9D14249
C0046,TA4F2C6F35FD7
C0046,TE8DC1C42360B
C0046,T85B8038D48E6
C0046,TB6751545FE60
C0046,T8086CAF8689B
C0046,T37AFF5942230
C0046,T0AD2F3DE2148
C0047,T2D9FABAA2717
C0047,T98C5A28A054C
C0047,T2A2409AE0FD7
C0047,TB02AE9F930E0
C0047,T3AFAEC82E8F3
C0047,T7224A27042AE
C0047,T109D436F64E5
C0047,TCC8938964418
C0047,T127FC9EB9636
C0047,TD87C19C3FB59
C0047,TAFA8EB825A66
C0047,T65B64864EA7D
C0047,TAF8F061A05BF
C0047,T84A00A8F37AB
C0047,TC21C23B3856F
C0047,TB84311C245C0
C0047,TEB55CC26AC18
C0047,T10954DCF12A6
C0047,TE58BA1882F83
C0047,T500905C4417B
C0047,T81EA501B5776
C0047,T250D2803E6BE
C0047,T4CB30672EE62
C0047,T14AAC1D5151A
C0047,T6C09923720E5
C0047,T411AB405DBCF
C0047,T13C18F2377CD
C0047,T1A2B2BE80CD4
C0047,T727C786664C5
C0047,TA0CCA9D23B12
C0047,T1979E50ACDA8
C0047,TED46824B7E44
C0048,T2115FF2BB5A5
C0048,T9379CF2CF1CD
C0048,T7ED119BDBD7D
C0048,TD21E9A2B24D4
C0048,T1FFF08BD9423
C0048,T6976FAADE970
C0048,T1FF4C50C5BC1
C0048,TE654A369EE8A
C0048,TE578751D4BA4
C0048,T0ADD7ED3198C
C0048,T4C87ED96AF35
C0048,TCEBCBBC41815
C0048,T2962D42F232B
C0048,TD07DD91CABA8
C0048,TB3350939FF43
C0048,TF38713CD388A
C0048,TA2E9EE1BA1F9
C0048,T709FD18F0734
C0048,T88F7D3BA17DA
C0048,T4B56F772E7D4
C0048,T78DB598B28B4
C0048,TDDC430667131
C0048,TEF023DCFB0F8
C0048,TF2F6AFEB6964
C0048,T29894BE21EDA
C0048,TB3E8D1F97870
C0048,T39000B6265BC
C0048,T252D8FAEDE0E
C0049,T2229BB46FD8E
C0049,T66BC3029597A
C0049,TFE05B5C91533
C0049,TA1C6BC4AA457
C0049,T9E44AA1559D4
C0049,T5FFA654B4F1C
C0049,T68A3BBBEB236
C0049,TC97CE2350A9F
C0049,TBB280C62826F
C0049,T537AF66DE0D4
C0049,TD53C7003F9BD
C0049,T4299ACC1F594
C0049,TB9FEAD3DD81A
C0049,T757C69CF18A8
C0049,T2AA89D69A477
C0049,TD13A410363B4
C0049,TC75D57519A3D
C0049,T7EB2994E5EDA
C0050,T543BB12E17DF
C0050,TD62B2AA97560
C0050,T22E6861BBFBD
C0050,TDFA49E6FE17E
C0050,T0C78F463128D
C0050,T168B57EBAFB6
C0050,T7D236CA5C590
C0050,T695BCEF843FA
C0050,TA93DE6C9073A
C0050,T6C6FA6CA9284
C0050,T9C065A0F2C21
C0051,TC89AE8F7D81B
C0051,TA48BC76623CF
C0051,TEFFF6E150C4F
C0051,T5600DB75DC83
C0051,T8F2691A6992E
C0051,T8C5841DEA154
C0051,TE11A36370286
C0051,T4D8D9CC92FD0
C0051,T900707E08BB8
C0051,T786E15265AD5
C0051,T0A398BE49E37
C0051,T4A189635E035
C0051,T25A047873180
C0051,T97B4CF693AAD
C0051,TBB4E2830523B
C0051,T4BBA8075D7E3
C0051,T15CC11E4ABB7
C0051,T2476002202C2
C0052,TFE589E05349F
C0052,TA38251029C71
C0052,TA0A54FD4E1C3
C0052,T587305D97C48
C0052,T06A3BB414030
C0052,TC25A6D171489
C0052,T643A2FECC547
C0052,TDE782DE53445
C0052,TF52A0B167946
C0052,T6E7C535A7F3D
C0052,T4A041858964F
C0052,TF87CE2C3D951
C0052,T62EE5A4B03A1
C0052,T122ED18C6630
C0052,T5CC671D1BA98
C0052,T107693CB8176
C0052,TECB688EBB308
C0052,T87F33ACB97F3
C0052,T962632E63BEF
C0053,T0E6B3A7AFCCA
C0053,T28A7C98822C5
C0053,T63F6CF51413A
C0053,T99DF7F2EB55C
C0053,T64283364AD3B
C0053,T1A8825EFF820
C0053,T486A08B12502
C0053,TBEED97C3BF5D
C0053,TE035EEA76692
C0053,T3B031900D149
C0053,T7232300170C9
C0053,TF18F1CA6FE66
C0053,T46400AE391C2
C0053,TB6684C45AE4F
C0053,T91C1F96148E9
C0053,TA86500D0443A
C0053,T38D49F53803F
C0053,T6984ED0A476C
C0053,T7345B681001D
C0053,TA9EABB7F10D3
C0053,T748927AF82F2
C0053,TB61DDDAE7021
C0054,T8475585EB2A9
C0054,TDE15A818CAA3
C0054,T6F3733C2D168
C0054,TB44557942675
C0054,TBB6359025172
C0054,T125B3EA4AF7F
C0054,T920F9788FEF9
C0054,T8E0721B8E6A7
C0054,TD8BEAB7793E5
C0054,T4FE12904C4D5
C0054,TB29223BCD4AA
C0054,T5864FDF25075
C0054,T632BFBEF1F6C
C0054,T05E67635814D
C0054,T65528F9D013B
C0054,T76999FD8807B
C0054,T28D50C6EA6F6
C0054,TB095AA8ED02E
C0054,T21DC15C5D0B7
C0054,TB3EB2926BC48
C0055,T51C71789B482
C0055,T35ED345D337C
C0055,T2B5555592566
C0055,TE1B99899CDD1
C0055,T85631E426E4B
C0055,TAF5DCA1A9141
C0055,T25D815330E03
C0055,T56255010B165
C0055,T00E7082E828D
C0055,T79EFBF194878
C0055,TCB0BA708FE2A
C0055,T8F343FBF198F
C0055,T8633831B8706
C0055,TB4A288D1EDCC
C0055,T8011C6C09830
C0055,T96479728A98D
C0055,T5714EAB3EB38
C0055,TD45C828DED16
C0055,T087AE1FA18BA
C0055,TDF53D606A437
C0055,T7E26BE11F073
C0055,T1AAF2024CF35
C0055,TCDEE53A316AB
C0056,TD6CB0811335B
C0056,T46E0FC2C6CF8
C0056,T4823715C6FBB
C0056,TFE20AF2672CB
C0056,T308A19194DA1
C0056,T6425F663891A
C0056,TDE7526C1C03D
C0056,T565DB91CE79E
C0056,TB63E51F1437B
C0056,T04076709B5F7
C0056,TF839DE1117D0
C0056,T43B56F4E0993
C0056,TED32AC9BEAA1
C0057,T04AEFCF9C761
C0057,TA937576B7CA7
C0057,TDEFC3352FBC7
C0057,TA8CF5413A8E1
C0057,TDD984367E69E
C0057,TF3EE0B88BABC
C0057,TCB76B7A3FD0E
C0057,TA5C8EBE073C7
C0057,TC38AFF5D8524
C0057,T08A0792D881E
C0057,T876A8DF30DC5
C0057,T9B778F31794F
C0057,T5AB9F352C49D
C0057,TA89CCFE137A0
C0057,T59721DE51E9A
C0058,TD2782CD8C1F6
C0058,T4D426E030CD8
C0058,TF7EDBB906DEF
C0058,T125A63380A3E
C0058,T7B71E13195BC
C0058,T6C957DB09D3A
C0058,T555B89EED2F9
C0058,T370D70B78268
C0058,TE6ADD80CDE77
C0058,T86C82C6D9579
C0058,T1B394B47E1DD
C0058,T6ED0FA34990D
C0058,T0D0106672257
C0058,TEDE0AC8A61A4
C0058,T4243DAFA7E3E
C0058,T21453D54C8EB
C0058,T95FE47F0979F
C0058,T69B5FA95CB0E
C0058,T6AD840184CDE
C0058,T3056FA5F4AF7
C0058,T2A20D6F95209
C0058,T512BD017BFAB
C0058,TF17439803FAA
C0058,T8F851BA4B2FF
C0058,TB778B344AC52
C0058,T5827C204155B
C0058,TEBCE90CF6D7E
C0058,TD2DC037A94F2
C0058,T0F7436532D5F
C0058,TEE3CD6A0C784
C0058,T08103A3C3A69
C0058,T1E687456B068
C0058,T4637B089C0D8
C0058,T998C455B5A36
C0058,TEA1DB4A7C98F
C0058,TB31F3CBE5C73
C0058,TF4B522A2562C
C0058,T85CBDC5F01C7
C0058,T9F5B3D6B50D2
C0058,T351B3C1B8AF1
C0058,T5235A3110E51
C0058,T3B316F9B4889
C0058,T64702561E62A
C0058,TFB35328AE71C
C0058,T71EAB111253B
C0058,T5AD3A443B944
C0058,T4A9E741B4D33
C0058,T38BCE77C9C85
C0058,TCD51F89C1A34
C0058,T4C7D2A962B12
C0058,T623EC52676DE
C0058,TDCAD3148C258
C0058,T8622A3F21421
C0059,TFAD800D7B166
C0059,T1BCB0FB49439
C0059,T2F2F8A0E4303
C0059,TE99BC64A8F58
C0059,TFAA204430164
C0059,T9CDA6E7796A0
C0059,T48BAF8218FD9
C0059,TAEB88F88F626
C0059,T290B7B40CEB3
C0059,T275F15ACC8F6
C0059,T87D8843C770F
C0059,T0D62D7A96553
C0059,T8F93E7FF9D60
C0059,T0A1C7CF3613E
C0059,T65147C7331FE
C0059,T99FC3A0139F5
C0059,T930B10B8757E
C0059,TC792D26F215C
C0060,TC927BFDBB632
C0060,T63700B4C998E
C0060,T5BD9ECD2E321
C0060,TCAF871A9F5A8
C0060,T62BCCF6E7487
C0060,T0BA743E0F9EC
C0060,T2D8AF0891877
C0060,T180A8468447E
C0060,T8D682EAB6D05
C0060,T64C683B34903
C0060,TE4123656B809
C0060,T889374E23AD8
C0060,T5E4F431BD495
C0060,T6ACED798C9EB
C0060,T879FAB9F818D
C0060,TF9E337744C98
C0060,T51A83C557FCA
C0060,TDEA4CFCD3E7D
C0060,TC6BA2B564245
C0060,T0CC47D710F92
C0060,T22DD9BB3B3CA
C0060,TD63932118BB5
C0060,TB4DDB5B539AF
C0060,T8F1F960EADFE
C0060,T25CA4B8EB435
C0060,TE7BE6EFD729C
C0060,TAB8B1BB1351C
C0060,T5F195FC30D40
C0060,T8C55AF17FAB3
C0060,T2D927BFE80F3
C0060,T8532C6E7DE50
C0060,T890EB4F5FF23
C0060,TB0F7F8416E8E
C0060,TACB6962539F8
C0060,TDC63C90C60DD
C0060,T7C90DD9D52BE
C0060,TAFB2465DC7AC
C0061,T6F67C5CE3DD4
C0061,T6037327A6E58
C0061,T31FC00056564
C0061,T51025787E4F9
C0061,T241CD20876AF
C0061,TA51B81EB348C
C0061,TD06D99D4A519
C0061,T64535BCCABE3
C0061,TE6230351B222
C0061,TD9409926832D
C0061,TF4381FE065A1
C0061,TC7B1F1E9CB9E
C0061,T5A76DF7B9455
C0061,T6A15A3755F9D
C0061,TE6C052212C54
C0061,TF9C575B40F90
C0061,T1346440675CB
C0061,T656F04AA53A4
C0061,T8AA503AC22A8
C0061,T2D9B5FBF4E07
C0061,T59567BFBE111
C0062,T6CB13C10BF4D
C0062,TDA9960239B09
C0062,T908BF0E9B23A
C0062,TFF6A8CC3EDB4
C0062,T7056A4FE5CC9
C0062,T820E1AA51CB5
C0062,T427EBB1D9BF8
C0062,TB630671D37D9
C0062,T4A4C60D30A99
C0062,TF74A7931EF9D
C0062,T18F89AF1B23C
C0062,TA2DBAA99EE01
C0062,T7E352C4C9278
C0062,T8F62A85B4D3C
C0062,TF2FE34AA97B0
C0062,TB740632ED6D1
C0062,T971BA6A545FC
C0063,TB104A23545B1
C0063,T7A502EF7616D
C0063,TF11ABEF793AB
C0063,TA09AE66F18AA
C0063,TBC4FB47B16B7
C0063,T9A2ADD96B8DA
C0063,T73A65D68A7A8
C0063,T1214FAFBF082
C0063,TDB73C578BD90
C0063,T5BF3D2282CCB
C0063,TFB78D1D72A7A
C0063,TB83FCCEE1AF5
C0063,T826C769ECDCE
C0063,T4A961C900FF2
C0063,T99C84D412FEB
C0063,T01FB4B42477A
C0064,T0E2AD380F6C1
C0064,T6DE01641B2D1
C0064,T4A3C1D81AC13
C0064,T4FAEC1C8B08C
C0064,T555AE1D72517
C0064,T19AD262173D5
C0064,TE312C49F113F
C0064,TCABDF00EA7F6
C0064,T45D6D1548273
C0064,T65C9FB88EC0A
C0064,T308B415CB854
C0064,T0940DC16C468
C0064,T37AEBF2984B7
C0064,T2F1936D8A9B6
C0064,T652A7EBBCD5B
C0064,TB6FDCBDF1E15
C0064,T7AD791171ABF
C0064,TF933377825AE
C0064,T33463D802B05
C0064,T14D55BDB7400
C0064,T74DE8B3EE286
C0065,T59ACF55EF9CC
C0065,TD876BEAD9EF6
C0065,TCF2A0160F9B4
C0065,TBAE972A3659F
C0065,TCB3C6CA5D728
C0065,T2FA848A34C7C
C0065,T4B5F71D5C57E
C0065,T31596EC0B27F
C0065,T5AB914C7B945
C0065,T7595B3CC49C5
C0065,T82B485286272
C0065,TF7DCAFDC37AC
C0065,T17B84766E711
C0065,T6E4A1E57DFD4
C0065,TB9A4FC8DEF0A
C0066,TA3813A2E614C
C0066,TBE570B27733C
C0066,T22A1F1775431
C0066,T988B29AEF3A0
C0066,T22B3FD154C48
C0066,T555FEB2277B7
C0066,T0D941BAB16D7
C0066,TC3DB5DE769FE
C0066,T9B77AC681878
C0066,T0939CF5E425A
C0066,TF1AE3707928C
C0066,T773DA7B2B040
C0066,T82C355853409
C0066,TD557B9B3967A
C0066,T93DC2B6E49A6
C0066,T95A98AB2325D
C0066,T831D5AFA9175
C0066,T9D89D0E78787
C0066,TB1CDD79B73B6
C0066,T6581C3AB9F99
C0066,T6BB6DD7D52A9
C0066,T0741BEAC99AB
C0066,TD8D05B554994
C0066,TA12CAC19EC0F
C0066,T2A340087C83C
C0066,T303E0D5DE9D5
C0067,T29C36E8E9730
C0067,T470A993C7CB8
C0067,T9BE27FFA40EE
C0067,TF68FDE49D7E9
C0067,TB4020A6007CF
C0067,T5535404F7729
C0067,TDFDD86F53FE9
C0067,TF62ADC1E7B6D
C0067,T7AA02B84D690
C0067,T8DA59E628BEA
C0067,TF4FE9847AFD7
C0067,T5218B6B36057
C0067,T683A1A11BA08
C0067,T62A3C54E848F
C0067,TF53A545192AA
C0067,T9B0AA1E9B06E
C0067,TCF4D1966EB63
C0067,TA2FC8E8929B0
C0067,T922A63749E4C
C0067,TC47457F7CE20
C0067,T4D4156120F2F
C0067,TA51B8E896E52
C0067,TCDE5ED2BE339
C0067,T734EEB01B7DC
C0068,TCFD89B21D44E
C0068,T2CACD479422E
C0068,TA0E23FFA41FD
C0068,T2F75E9B8A45D
C0068,TE41505DC09CF
C0068,TDD48BE91F89F
C0068,T9B9E643FCF75
C0068,TBA53C5B9BA0A
C0068,T3F61AD5640F2
C0068,T30AF5BF4EC70
C0068,T987287B718CB
C0068,T6DB77AC07CF3
C0068,T8BA89EF7F7C6
C0068,T6E9F2C1B13F8
C0068,TE7FFAF0F1BA0
C0068,TC65C7C61430F
C0068,TBE037AE1CB59
C0068,TE44011686521
C0068,T43127A0994F5
C0068,T18FC574697CE
C0068,T45B6AA47D161
C0068,T415E39786FDB
C0069,T9149403132FF
C0069,TFAE8DFC993B3
C0069,TE88EC2874D6D
C0069,T63B68F366FF6
C0069,T1D2F6CF3B94B
C0069,T979C7908A57B
C0069,T153543B13CA4
C0069,T5BBB2296F96D
C0069,T192EE11822A8
C0069,TFBC81A42F045
C0069,TB47F4176A706
C0069,TD734366685F8
C0069,T8063B66284ED
C0069,T5E5313E98F35
C0069,T656411643662
C0069,T228B90C3B937
C0069,T4E361074126F
C0069,TEC3B8193529E
C0069,T7127801B2B89
C0069,TBCDCC67FBC3F
C0069,TFD48A90E1CFF
C0069,T219270E1F387
C0069,TDD38DC6EC80C
C0069,T9F2D56FD0F1E
C0069,T7B748546A124
C0069,T7C0CF64468E4
C0069,T26E95E4B8876
C0069,T250E7273C014
C0069,T2CDC7F0BBD38
C0069,TFD624107240A
C0069,T7A267F25DE2B
C0069,T5030FE16CE74
C0069,TDD6E0CB87EFB
C0069,T0C30EF7EA713
C0069,TCD19A5A56065
C0069,T77D6E643C3AD
C0069,TD8D20E1AB3E1
C0069,TD001CC202BC5
C0069,T1D2F9D5CE901
C0069,T52ED313244C8
C0069,T11BBB3ABC8FC
C0069,TF09ED1B5444C
C0069,TD14C408A372E
C0069,T0B5847367A07
C0069,T7312C77708CA
C0069,T1F641525B798
C0069,TE6C74621174F
C0070,T344CA0E60846
C0070,TE349688EF67F
C0070,T5F6EF87F05A7
C0070,T573554ACEAE3
C0070,T1B441D7F6DD3
C0070,T94D2B7185D34
C0070,TBBDA38795EC9
C0070,T3144BA5A83AB
C0070,T8BA97029982C
C0070,TB7FF7C304E4D
C0070,T093280C2600D
C0070,T630431EF38B8
C0070,T650D3E576521
C0070,TB5B9678B3B8E
C0070,T90D3E354492B
C0071,TF34C2196BB57
C0071,TDAEBCA8BFCBB
C0071,T6521D34E8DBF
C0071,TE5769EC75C7A
C0071,T4E9BDE6F1611
C0071,TECC7B4F859BF
C0071,T225A0C1F0D39
C0071,T1823A779B41D
C0071,TF4611B7D00F5
C0071,TBE35196CD970
C0071,T8E4B2B44A8DB
C0071,TE19F8DBB2525
C0071,T9D8BF5B17BE5
C0071,T9EBCEFC95EBB
C0071,T068ACA6F106F
C0071,T78FB24FD4739
C0071,T3059B7101876
C0071,T8708555912F1
C0071,TD272B3318836
C0071,T276BE8B297CF
C0071,T747658FCD424
C0071,T4BD7A14D274B
C0071,T66AF3D2D39FE
C0071,T5A992F0C7B56
C0071,TF13CADF72E50
C0071,T20FFF84C17B7
C0071,TF7DC68A96BE7
C0071,TDE2E1D7B9222
C0071,T61D0BCF8823C
C0071,T0E3A62E558F8
C0071,T70BB0D3C5238
C0071,TE17EFAA28080
C0071,TF4893E992E62
C0072,T0795000B5374
C0072,T390F06D30AD1
C0072,TC0E7095284F5
C0072,TF1B38E9FE122
C0072,T1250A49260CB
C0072,TC03A63291736
C0072,TC8B894CF1781
C0072,T630948DF5CD1
C0072,TA3ED69FF5C65
C0072,TF25501427B47
C0072,T7DF73362795E
C0072,T2055872B60DB
C0072,TF63F9AD897CF
C0072,T6455CD5EF916
C0073,TFFBB85C4A78F
C0073,T74AF7AB0FA8F
C0073,TE2DD5471034F
C0073,T9345FDA1AF4B
C0073,TC521B1CDAE7F
C0073,T15D0F3F90F12
C0073,T230490484CD4
C0073,TE7B33F18FAC2
C0073,T805DCC353D0B
C0073,TF05E3978D1B9
C0073,T9A89E9308AA6
C0073,T3AA6FEDCEF9C
C0073,T0EA739DD3A16
C0073,T2263856084DF
C0073,TDAD2E2984AF7
C0073,T3431345E70B2
C0073,T4C78EF84A33B
C0073,T85501B4E8D90
C0073,T2CA9A194C014
C0073,TD67D0F1BB450
C0073,T612E354B8A26
C0073,T20870DD88A0D
C0073,TD355A5B53749
C0074,T2DF2A2C8BC50
C0074,T10C3079A3358
C0074,T7831813E649B
C0074,T078952FA8221
C0074,T86B7B509551F
C0074,TD15E4992FCA8
C0074,T52E21403F1D7
C0074,T230D794D7EDE
C0074,T1789145E9B6E
C0074,TAFF0F95E4041
C0074,TC0E99533886A
C0074,T4E7B51EC0F6B
C0074,T8B7E152289CF
C0074,TB10A84D32488
C0074,TC63856109AE7
C0074,T1908EA7E8955
C0074,T604A50AF9F15
C0075,T1FDA532FE68F
C0075,TF37C0D65BD34
C0075,T9C08EF471AFE
C0075,TAA5EC21CAEFB
C0075,TC74A11333279
C0075,T2CC53ECB187A
C0075,T220AE65C1BF5
C0075,T52B4AB7147A1
C0075,T69AC13A175FA
C0075,T5753BB8B37D8
C0075,TB866ED2FF5D6
C0075,TF3BA9E7A0C94
C0075,T8EE7F0060B08
C0075,TA3623B186A42
C0075,T0B8F665D2534
C0075,T9E8B1D73A688
C0075,T4BFFA03D88AA
C0075,T70CBE7056D9E
C0075,TFFEB230574DB
C0075,TC70FA73FCA0B
C0076,TA4908A3C5AFE
C0076,T5AF887A604C2
C0076,TCD6B1A33EA55
C0076,T778DA1EA7FE6
C0076,T98148830581B
C0076,T677E89908B57
C0076,T28FBB7D9CD10
C0076,TA13C90D5D2FF
C0076,TD7C3A54CDFC8
C0076,T6A3E06BB43E9
C0076,TF3E64EAB3679
C0076,T9313084E0CFC
C0076,T55A19023D9C9
C0076,T87A4D6E23FFD
C0076,TD1A915E04F81
C0076,T7D18DDBBC4C2
C0076,T862903DA2899
C0076,TE0F3A34BB2B0
C0076,TB5AC3B077508
C0076,T44D973CEE68D
C0076,T0DDBFA196D23
C0076,TC140869C0996
C0076,T65674BA9E70B
C0076,TCE49A2370CA6
C0077,T889180CBB1B2
C0077,T477957F10ECA
C0077,T3A2BE3348CB6
C0077,TD40A4752791F
C0077,TFBC8150B77F0
C0077,T5B55D77B598E
C0077,TD3BCB67511D8
C0077,T4E95C27B4312
C0077,T8E55BC84A00F
C0077,T7A9A3195C82E
C0077,TAB0B5E1E4483
C0077,TCAE624E9288F
C0077,TB8998A5720FA
C0077,T2AC13A58B9C6
C0077,TBF2BB77BE422
C0077,T1CD66595CD16
C0077,T0350FA3C2795
C0077,TBCC547498DB8
C0077,TD311791E82EE
C0077,T836BCA13195C
C0077,TEE0BC058FCAD
C0077,T796449932430
C0078,TDF142C5FB0FC
C0078,T86C6BC6812DB
C0078,TE81C38C5503B
C0078,T1968D4507C83
C0078,T9C6041A92AD4
C0078,T290BDF9ADE1B
C0078,TF14B5B302AEE
C0078,TEC74C9C65529
C0078,T7A8A8DEC3B1C
C0078,TEA3528826F1F
C0078,T11BEC62C62B0
C0078,TEBEA4C59A8B2
C0078,TD40BA3C7FC7B
C0078,T080CC57CA664
C0078,T7B28120E1904
C0078,T8FE6D1907A05
C0079,TF4BD5F47ACBE
C0079,TC6F8AD8DD3BC
C0079,T184608820A1D
C0079,T4E04F5243D2C
C0079,T7939334B95F1
C0079,T2364F5C5A1CA
C0079,T30CB266A7153
C0079,T39AC18E62140
C0079,TCBAD1215460F
C0079,TD1B9892C74DE
C0079,TD8F5A46386A7
C0079,TAD43A0315F4E
C0079,T4F2B1CAF810E
C0079,TC6B85157C826
C0079,T8B6BB7787F5F
C0079,T2130725FB8D0
C0079,T4F93CFC81F09
C0080,TB8A58561C5E9
C0080,T3D182B3B8C85
C0080,TCA74E12BFAEF
C0080,T184B41EF809D
C0080,TA4EC401810DE
C0080,TE6B62D35ACE1
C0080,TD7B5E5223415
C0080,TBE6EEC7C2091
C0080,TD8F1C177CFD5
C0080,TFB9269067C52
C0080,T5EEF25381634
C0080,T4A97CF195E46
C0080,TAF5356753225
C0081,TB87DAB1F31F6
C0081,TFCDE580F5543
C0081,TB2C63DAC745C
C0081,T9994E157B863
C0081,TA4E42E8CA973
C0081,TF42E02A3FC93
C0081,TE5C5265FF84D
C0081,TD059DD13134E
C0081,TDCCE9665E0D1
C0081,T20F12A8A54EA
C0081,TF62CB357B0A3
C0081,TA18FDA7CBF30
C0081,TA174991B9538
C0081,T8FA5CE9C705B
C0081,T843F525393EB
C0081,TF4D12BB4FCDD
C0081,TF8D7C9B7B434
C0081,T3F37F1C4FC22
C0081,T4DDA288F4337
C0081,T5ED861FB2C7B
C0082,T9C2DED9DE5BC
C0082,T8FCF5EE0B47F
C0082,T316985A1A0CB
C0082,T27D4A9FA8E54
C0082,TC79310BDAFEF
C0082,TE63721FD16F6
C0082,T79981544AE89
C0082,T682FE5AB90A6
C0082,T0316242C80F3
C0082,T74751BDF025D
C0082,T809A5E73839C
C0082,T3153ED417CF0
C0082,T5AFF76C297F4
C0082,TC977B5B00DC8
C0082,T19C1F3EA5F2E
C0082,TE7702FB46C37
C0082,T4CF72A8A1D25
C0082,T8BE8FA545073
C0082,T2CC932D65537
C0083,T1D297530EA41
C0083,T66B66C54A73E
C0083,TDB0D69D22A60
C0083,T99FAEAB3660C
C0083,T3A704F2916D2
C0083,TA6629F2B82E5
C0083,TA550A4ECD374
C0083,T5D5D36D0497D
C0083,TD91F8D999886
C0083,TEF2682531E2D
C0083,T0D8E008F7F61
C0083,T297820A56AF3
C0083,T81E56EEACA76
C0083,TB39E6E8F58FD
C0083,T246918DBC4CA
C0083,T0425237F62E5
C0083,T071F8544D068
C0083,T14FCD8BA2F46
C0083,T9A55F6E03FA9
C0083,TEA992C4188D8
C0083,T967B539FE8A3
C0083,T6205456502EC
C0083,TCE63A2BD7099
C0083,TD49ABE98B044
C0083,T21E86E4873C5
C0083,TC66DB4707C6D
C0083,TDED4A530E53D
C0083,T2101263F5063
C0083,T70F189B5B096
C0083,T68C8B4BE8EDD
C0083,T7FBA91756960
C0083,T4B9F7A96A02E
C0083,T59CB24885CAD
C0083,TE480925A020A
C0083,T9C3779C4EF29
C0083,T802FBE7CA6D4
C0083,T2721B800014D
C0083,T89BCEAED3903
C0083,T73347694D2EC
C0084,T7879CA7FC50F
C0084,TC651F6763332
C0084,T8E166E87509D
C0084,T7F8C3AAA07E4
C0084,TC44BBA2984DF
C0084,T4E299436DE72
C0084,T1DEB8BDCCD69
C0084,TBBABBB512CB5
C0084,T3B49B0ACB8CC
C0084,TF81B3F0611E6
C0084,TEE3392A66615
C0084,T16CFDC418D2D
C0084,T1D05AB205891
C0084,TAC7D8F14A2C8
C0085,TAF6618038EA3
C0085,T7732B51C08CB
C0085,TAE043F8F2D2A
C0085,T4331B8DD7F46
C0085,T9EDA8DE3640F
C0085,TA923D4DD17C3
C0085,T09629E62D541
C0085,T12EA5D017EC2
C0085,TA006E17CFB67
C0085,T9567C6FE9845
C0085,T56F3A3D90C9B
C0085,T14F75B8B3FDB
C0085,T1CA4539EE7E8
C0085,T816E437484EF
C0085,T51BDFDC05831
C0085,T9EE2F359C76F
C0085,TD48809310403
C0085,T56FC1954926E
C0085,T9249DE717BB8
C0085,TADCF7B9F4B1D
C0086,TEBB4FE592CA5
C0086,T975AFA115B5C
C0086,TAF28CA90FAE8
C0086,TBFF3A143AFC3
C0086,TD4702B6DC99C
C0086,T9D76C981399A
C0086,T990111CAE5B5
C0086,T15A55C173AC9
C0086,T06930E29C180
C0086,T7C7437E5C39F
C0086,T1F2952A137BB
C0086,T0F8AC3E2D30F
C0086,TC6157AF7D5C4
C0086,T5766485C0FED
C0086,T1B378C8BF870
C0086,TC9DB83163398
C0086,T3D229B170C04
C0086,T424EA3261499
C0086,T33D018C2D615
C0086,T0AEC6AEC656D
C0086,T7122BB65786F
C0086,T63799689DF37
C0086,TE99F271C48FA
C0086,TA5C67D75ED22
C0086,T3E197D841093
C0086,T2EABAF01FF30
C0087,T6AA866D5F8CB
C0087,TBE93AC3902CE
C0087,T04CDA385B0F3
C0087,T9EF8BD5EBE4D
C0087,TB58B4756AF6C
C0087,T2B3BCC427C23
C0087,T36700BC16D96
C0087,TBA43BFA5C542
C0087,T1B7D5A08D0D8
C0087,TBD811FF3E972
C0087,T622729970B5E
C0087,T9379A7D2499C
C0087,T4ECF08CC8C99
C0087,T046763B35B93
C0087,T68D2CCB5984D
C0087,TB02CAD50A602
C0087,T7EC6DF63CEEF
C0087,TBA5A994219AF
C0087,TAB720C418391
C0088,T14BB513B9B7D
C0088,TCAE0664A17B4
C0088,T4885BD8A918F
C0088,TD4D10E6589DF
C0088,TF02A61BC28CD
C0088,TAA33D7F53E51
C0088,T7C59FC21C141
C0088,T3FE35C96F449
C0088,TBA34503929E0
C0088,TB88C50137D5B
C0088,T45A2E5E4334A
C0088,TFD2CD6A976BF
C0088,T4B02BCC5974C
C0088,TEC6ADEBDE2A1
C0088,T73A7D51173EE
C0088,T960052AAFBBB
C0088,T6E56C0ACAFA9
C0088,TF0727F31A885
C0088,T9E3AE88BB4FD
C0088,TBF967770E1C6
C0088,TCF6872674C12
C0088,T3B7A79DB90B0
C0088,TCEB64D802F06
C0088,T0638364EEB17
C0088,T35775930418A
C0089,TDA5AB99BB4B1
C0089,TD308197B1D13
C0089,TB9F4C62132F1
C0089,TB99701E34FCA
C0089,T927F08317A6C
C0089,T28320829570B
C0089,T17585A8264E0
C0089,T1E35EF4A9629
C0089,T0514A20AB8DB
C0089,TEBFF40F926FC
C0089,TE99860D1F4A7
C0089,TDCC4DB06407E
C0089,T6BBC20DB3599
C0089,T2A73C54232E8
C0089,TB007467C313B
C0089,T8B481FCE003E
C0089,TF3F1AE6E79B9
C0089,TC9FE9885B109
C0089,T24D934A626CA
C0089,T06E68006A1EF
C0090,TABE7AB5D01C6
C0090,T1A92A379E0C6
C0090,TC1E96FE4E892
C0090,T4A8A9E47BEBD
C0090,T1AB7B759EF07
C0090,T8D36E61E07D1
C0090,T2D56A1112B37
C0090,TFA2EEBC3C3E3
C0090,T5C4D152E1A0F
C0090,T8D87203FBC08
C0090,TF2C09A6FBBC5
C0090,T1B94240CA293
C0090,T3B8B1BD25C60
C0090,TEC0147343425
C0090,TF585D49E58E5
C0090,T1FA8FBCB2B56
C0090,T0F7187AA2B07
C0090,T8CFCF27C9A6A
C0090,T58D037E648F9
C0090,TB29D7B20A457
C0090,TC0384FD529E2
C0090,T5663FACCA552
C0090,T99D4F1B3AF42
C0090,T04F75159A9CB
C0090,T2756AEADAB85
C0090,T38ED252D3B09
C0090,TF1AD3F92D3AB
C0090,T7DC54C36F996
C0090,T0FCE7F571694
C0090,TFB94C0DD5B07
C0090,T2AD8FD23FB19
C0090,T0C4D9911BB28
C0090,TFDADF9C797F6
C0090,TA0DF4352DCB9
C0090,T78E9D826CD32
C0091,TC8B2219294CF
C0091,TBD2E2508FB42
C0091,T0F05B69D55A7
C0091,T731C8256475D
C0091,T5CDB952D7787
C0091,TAC6A3F47C9B8
C0091,TA1F28A1D84FF
C0091,T8416B38EFED0
C0091,T27EF1D202D27
C0091,TA9D12BCF0642
C0091,TA6CDCD120D1C
C0091,TFA0CD339AF34
C0091,T06C264657622
C0091,TE8E1712C7283
C0091,T3946E8AF596F
C0091,T2DEE9D776207
C0091,T9E4D919EC80A
C0091,T1961587B2D09
C0091,T9CAC3CDDF95B
C0091,T50DA95B5D057
C0092,T9094D80C4957
C0092,TA30945E60B16
C0092,T4ACEFA6A5C90
C0092,T10EED9AE8C88
C0092,T0EB8F4EBF61F
C0092,T49A95F5399C3
C0092,T5A1109F787A1
C0092,T739CA412CFAA
C0092,T3A3BE904B931
C0092,T3457EE4ADB04
C0092,TB71B8AA25E49
C0092,T739AAD625060
C0092,T73553C45AADF
C0092,T5D494400C53D
C0092,T89B2D17708EC
C0092,T135D8EDAED80
C0092,T26EB1A7CFF22
C0092,T6F2291C6052E
C0092,TF4A92AF04937
C0092,T31F25819178C
C0093,T932E7540F5A4
C0093,T5FE296E1264F
C0093,TC4832A09AEE5
C0093,T8631CB85DCC4
C0093,T9DEAE7B44933
C0093,T72EB3C03DA9F
C0093,TEE6400C89F68
C0093,TC0753FAE1163
C0093,T292B51852ACD
C0093,T937D71499687
C0093,TF1F9D211935E
C0093,T83CAB255A4E5
C0093,T79DE7523B1CE
C0093,T8E789403BC57
C0093,T251C1F535AD9
C0093,T1218EDFADC00
C0093,T9648EBBB36EA
C0093,TBADAE8002400
C0093,T53D46644F278
C0093,T5454C0B0A389
C0094,T56C54796B13F
C0094,T7A854BCB1C37
C0094,TE0CDA50ADFF2
C0094,T015693390D9A
C0094,TAAFD0BF749B9
C0094,T48C29805F920
C0094,TC1CD6FE22DA6
C0094,T4B1A72B8C7A4
C0094,T1C455BA56361
C0094,T99065A392CD0
C0094,T21B25045592B
C0094,T94E47028B0E3
C0094,T727335B8A0FE
C0094,T9B025F4188C8
C0094,TCD7482E289B0
C0094,T2CAE757F969E
C0094,T48C5BAF0DB4A
C0094,T727D44A5A01E
C0095,T30F2E224BBB8
C0095,TDAED47B66FDC
C0095,T1F81CC43BA04
C0095,TF7CEF814784B
C0095,TD3F6D4ED582E
C0095,T504B44A706D2
C0095,T2E6B84C59635
C0095,TA8E25AFC00CA
C0095,T1C9802B9890E
C0095,TC3B7A9B07B2F
C0095,TC412FA331B93
C0095,T805E61589158
C0096,T5E226F0AB7DD
C0096,T5C9EE0AF026C
C0096,TC8D80F973451
C0096,TAD75EDBEFA0C
C0096,T9B9D07B115BA
C0096,TFD9DA55DEE17
C0096,T35C36F7BB51E
C0096,TAE2D61633F73
C0096,TD148EBFDA9C6
C0096,TB564B75749ED
C0096,T9846AD34A491
C0096,T4D153C027E0E
C0096,T48742658B9D5
C0096,T3FB383EBE476
C0096,T3BEEBCEFBEDD
C0096,T20D6458B83D7
C0096,T04065C1F87D4
C0096,TE41ADE861D38
C0096,T08EBD111DA28
C0096,TCE5DFA599D4E
C0096,T71848B3D4B2B
C0096,T1F7642E4DF74
C0096,T902FB7176D24
C0096,TD4CEAF94B0CC
C0096,T4B4B779C7AAA
C0096,TB0516D08C488
C0096,T63DEA5506BF4
C0096,TA2DF458F81B2
C0096,TFA94C2AD2E1F
C0096,T0AF5A3CD2299
C0096,TF26044834902
C0096,T7DBD40867214
C0096,T582E12DD845B
C0097,T71A11048DB6E
C0097,TA5D8009077D2
C0097,TA284A4EA81E6
C0097,T3CE26676122D
C0097,T982CD1F722D5
C0097,T25001733CD6B
C0097,T14C39229C501
C0097,TF2EDB56303A6
C0097,TACC53A0D4B3C
C0097,TC70A26A4611C
C0097,T4BE106F71BED
C0097,TBB8885649CD2
C0097,T6CD1C1CF67E7
C0097,TC702D6C4E6AE
C0097,TBF9DE915C0F9
C0097,T48B05B886E06
C0097,T05DE4C3595ED
C0097,T8F0E148388EF
C0097,TAC45D6AB8328
C0097,T6BCEB3D8C653
C0097,T6A7E74395B70
C0098,T590128703204
C0098,TB9630734CB57
C0098,T9827876AD19D
C0098,TF077C4F03226
C0098,T0A3AF5403A44
C0098,T0B88C684BE44
C0098,TF2EFAF2D2CFD
C0098,T9ACB80183FC7
C0098,TBDC23FF30CC5
C0098,T667112970546
C0098,TAFB74892B94F
C0098,T239A424A028B
C0098,TF5B56A145CFA
C0098,TC88E357419CA
C0098,TD25A5BEB4811
C0098,T5C74162C3B4F
C0098,T138CCF23F601
C0098,TBA71DF30566D
C0098,T69CF9E0D5998
C0098,T92E5581B8E38
C0099,TA923CD695949
C0099,T66B30E98BA5F
C0099,T56378FA5EFC5
C0099,T0B728B4B2E9D
C0099,TEE98DDDA3170
C0099,T2D13B011544B
C0099,T872DDE8AE9E3
C0099,T3DBD5A16401D
C0099,TD337E5B6CAD1
C0099,TEAA331CBAC59
C0099,TA6627C1BA65E
C0099,T50F273710C6F
C0099,TC7B7595D7CD8
C0099,TA59258313B16
C0099,TD1E263DBF613
C0099,T88C615969A59
C0099,TFE04AF8C35B3
C0099,TF4760E15FDCA
C0099,T78FB26FF3861
C0099,T72989A37026B
C0100,T860C939AC5D8
C0100,TB79E29076429
C0100,TE19C6C6AB02B
C0100,T13B9138D198C
C0100,TF202435166EC
C0100,T90ADD338F2FB
C0100,T9D1C3BC70EE5
C0100,TF284309E05CF
C0100,TBB7C628BF9E9
C0100,T61F2BBF9E4A2
C0100,TCEB2B0301033
C0100,T0229EFC606A3
C0100,T16C89EB9B05E
C0100,T50E420101BD6
C0100,T14270532CE8E
C0100,T391DB23D6739
C0100,TA2C51E9EF83B
C0101,T61ABB6D9DAEB
C0101,T71D8F06AA5AB
C0101,TE0FFE29BD1EC
C0101,TDCB684294D6A
C0101,TB972B3ACB4F9
C0101,T168D57B244D8
C0101,T63E77C2189D2
C0101,TBE33E82B2EEA
C0101,T76E9C9365985
C0101,T2A3CE8FFA1F0
C0101,TE8404490DF52
C0101,TBEEB9A82EFD1
C0101,TDAEB5E585957
C0101,TBC3DC7AC87D6
C0101,TB4B1943B3A34
C0101,TDC120DB8CE77
C0101,T8AE74E7E5E58
C0101,TD5E384184E5E
C0101,TB2E3F2C9ADF3
C0101,T30A30AD6A84C
C0101,T5B628D0DA7C4
C0101,T1D4C7D02904C
C0101,T5C7CBDF663E9
C0101,TB16247F6D657
C0101,T36120371E1E1
C0101,TAD0E349EB5E1
C0101,TBEEC41743A13
C0101,TD9395E77F0E2
C0101,T5FC875B59475
C0101,TB9AD776B365D
C0102,TCC96C6324FF5
C0102,T39EFCDB7EEE7
C0102,T6D13A238A4C5
C0102,T889EF3BB1AC3
C0102,T9B3C90F4AB62
C0102,T0BAD5C5E900F
C0102,T4A841387F62D
C0102,T5494D4E5DDDA
C0102,T2FC559A0EC09
C0102,T6395428A0B6F
C0102,T6A630C7A50BD
C0102,T5559BB0675DB
C0102,TE9438BD82BBC
C0102,T9E253895CE11
C0102,T014797C49B2A
C0102,T3A3B6F6152AB
C0102,TC90D3192C6FE
C0102,T90DB9A067A7D
C0102,T33303FF00E84
C0103,TE89590E0DF1F
C0103,T73560076A92C
C0103,T0E82DE9AD52F
C0103,TFD33A0EFDD75
C0103,T7533CCC09721
C0103,T8E30155C825A
C0103,T1DA0BF65315A
C0103,TB42D45E49AA6
C0103,T6AD9EBB4F989
C0103,T35C36174F2E4
C0103,TA0180C411FCC
C0103,T6F469702BCC1
C0103,T8FAFA1F170FA
C0103,T8A189706B2D8
C0103,T049D3CE28A70
C0103,T77CA2B2C3026
C0103,TD7FD728A0A54
C0103,T49EA0F10F283
C0103,T7D20C15667FC
C0104,TFFEB218CCA67
C0104,TED86888B6697
C0104,T4A69D5F88FC8
C0104,TD2514E562567
C0104,T3F900D865B06
C0104,TA95DDAA76203
C0104,TD428B2A36C30
C0104,T371E01812812
C0104,T267D259D93B4
C0104,TC4FDEE5DDD85
C0104,T9A5F027CC8D8
C0104,TE5C909C93BC0
C0104,TEDCF0E042382
C0104,TD011F9DE7AD7
C0105,T7E716A315025
C0105,TA36BFBF73F2C
C0105,T5B99D8C97F94
C0105,T63BD7C3133AB
C0105,TDACB58DFE1D0
C0105,T611026F240A7
C0105,T301012EA7124
C0105,T563DABFE9545
C0105,TBFE52B78197B
C0105,TEB846650DABC
C0105,TD0907F503DF5
C0105,TB00DA71D4735
C0105,TDF444D1B1CE1
C0105,TB7B03E9FA42E
C0105,T18BCD5272B9B
C0105,TC65C65B19BD1
C0105,TCA64095BA907
C0106,T80A70297A995
C0106,T2A3B817CA268
C0106,T393879E77EC0
C0106,TC3DED86D3BA8
C0106,T23AD85DCB9F6
C0106,TC60D12DC9414
C0106,TE20BC252AC87
C0106,T846779C548A2
C0106,T04A65CFF9F67
C0106,T967FD9013119
C0106,T5414794E54F8
C0106,T42FB18CB1E78
C0106,T01E57020CFE3
C0106,TF2F1D5E202F9
C0106,TDB898A2CA2F1
C0106,T4504FCB00A00
C0106,TFDE766EE019D
C0106,T4840090EF45B
C0107,TF3A417360106
C0107,TB7AD4EB97C60
C0107,T8B155AB8DE41
C0107,T34F3A13E4D58
C0107,T813B7B3135C7
C0107,TB17D53D973BB
C0107,TC21D8045F56B
C0107,T336618C20483
C0107,T4CD75E8D8CF0
C0107,T784CB8C2A3F5
C0107,TAA49BD6BFE4C
C0107,TCECEEAFE4B1A
C0107,TE9A5217E3175
C0107,T71C63FE6EE58
C0107,T3B31E5690476
C0107,T52112AB7F542
C0107,T034F7D744849
C0107,T3AE0C438F0E6
C0107,TD7D02D75A831
C0107,T4F974032A752
C0107,T320666D950AA
C0107,T0763D42994C2
C0107,T60C029888B2E
C0107,TC8AB62C3AB23
C0107,T017C84CFF0DC
C0107,TCDBF5467AD75
C0107,T7133220E44CE
C0108,TACB892D5D05D
C0108,TE25A43809E02
C0108,TA9A270ADFE8E
C0108,T88A075EF587A
C0108,TF61C3AFB565D
C0108,T3574FDC342D3
C0108,T64843CF7E595
C0108,T957FA0717C07
C0108,TD44A3F35F2F4
C0108,TE94550FA3571
C0108,TC9E08BF56B09
C0108,TED19A36797BA
C0108,TA555589B13AB
C0108,T31A6B8DB3FF6
C0108,TF2291882B769
C0108,T00B121AA11F2
C0108,T735CE4B71547
C0108,TE43DFDE1EEE8
C0108,TB75680606CE4
C0108,TC4009ED7E619
C0108,T80927215BC45
C0108,T694EAF25CECE
C0108,TC8E3DE945A35
C0108,T65897E5874D5
C0109,TE4A755287965
C0109,T7FC25DE17996
C0109,T007D9E3C6BBB
C0109,TBEEA62839985
C0109,T94F8DCB9B642
C0109,T5DAFE930CCF5
C0109,TB73972EAB1FF
C0109,TCD83E4107B9E
C0109,T75B429A43E36
C0109,T6AC368681256
C0109,TB3A3A85BA8EA
C0109,T8D033517A353
C0109,T20310EBFB651
C0109,TFF6A567EAF5E
C0109,T685BC13FFEDF
C0109,T2F553E33F580
C0109,TAE17DDD86ACD
C0109,T8CAD8B625424
C0109,TE8F15CEA8639
C0109,T2C4870E1B06F
C0109,TBB0F8A094043
C0109,T0CF28088FC4D
C0109,T8EDD55AC39F5
C0109,T384DA5699E76
C0109,TA675A49D5B21
C0109,T8289545579F5
C0109,T0B204CA1D9D2
C0109,T5AE51064BEF9
C0109,T190E2AD384B7
C0109,T134B9B60443B
C0109,TB2D7CD1BA7DA
C0110,TB1921A985FAB
C0110,T5CAE73863595
C0110,T1B721F8FA7D6
C0110,T606241E0A63A
C0110,TB82CC1FAEB5F
C0110,TC51FF2EC2382
C0110,T3C52CEDEB079
C0110,TF2B1BEB02291
C0110,T0C7CAC5EC5A3
C0110,TE90C3E878957
C0110,T6B041EAEDE75
C0110,TC8B0A16E7931
C0110,TFBFDBF7B4BCF
C0110,T887A02D418B3
C0110,T7652FDB4AF48
C0110,T6793E0617784
C0110,TC6B29C2F271B
C0110,TEF800EA2B3D1
C0110,T761AD319B190
C0110,T1D53350C6166
C0110,T7F405EDE6F6E
C0110,T435CB7DAB1BD
C0110,T1B2A0C5587D2
C0111,TA16D54E7DE24
C0111,TD7CC3C3B67B0
C0111,TD23976884D98
C0111,T2DC5C9633039
C0111,TA057526251E0
C0111,TD428C9AB1F6C
C0111,T9D8F88A91BAA
C0111,T51F7BDDA8767
C0111,T8D3A7A3851C3
C0111,T26AB147C03B7
C0111,TCA98113438B9
C0111,T3F199DD51878
C0111,T2751B21E9618
C0111,T0F86ECBE289A
C0111,T66F522AAFB45
C0111,T12664A5EFF71
C0111,T005CE7535799
C0111,T912F99A609CD
C0111,TA0D6754B7E20
C0111,T48B253440D95
C0111,TC483D581B6FF
C0111,TAEA125DF7662
C0111,T95FCA0F85A80
C0111,TA1D2C7E05E61
C0111,TA08BED4510E6
C0111,TF3C5A48643CA
C0111,TF4DB16E00497
C0111,T63A16DA4CCBD
C0111,TB65712B37426
C0111,TE12B8C0FA1DB
C0111,TEA584A0DBB97
C0111,T41261BFB22E3
C0112,T8ADB9D4FEB98
C0112,T465B3BBEFFD0
C0112,TC97B6E1A6E63
C0112,T227943209849
C0112,T6043EB6B19EF
C0112,TC3C00BAB5F62
C0112,T620E8D24A5B7
C0112,T39143D677A58
C0112,TD8DFD2402007
C0112,T7E680B99FB83
C0112,T9CADCDBA2911
C0112,TC1CC619557F5
C0112,T4F629CA3FF25
C0112,T4E141E55E32F
C0112,T7CCFADC908A1
C0112,TE24DF729A1A1
C0113,T844B2F03C7AD
C0113,T7117DFD5E520
C0113,T45A876718275
C0113,T735324959EEC
C0113,T3BE0BAE3BA0B
C0113,T625E408BECC6
C0113,T357B6F04F88C
C0113,TE8B2697EED99
C0113,T9F6588E86160
C0113,T28451215C716
C0113,T9300C0C35955
C0113,T1BB158A45851
C0113,T10A9F98EA7B4
C0114,TC0A8F9E1C9E9
C0114,T39A064BF147C
C0114,TE97B8ED598D4
C0114,T067C6E616A5B
C0114,TA15EFB2D22A9
C0114,T4083A6DAA993
C0114,TB76065792C1A
C0114,T5049D2C07B29
C0114,T370E2699D06D
C0114,T9DDD4BB495E4
C0114,TB140C493B648
C0114,T3D68FB3F799A
C0114,TE66EC36216DD
C0114,T9DDBDA9619E3
C0114,TCD7E2484FA64
C0114,T00C9EB4C747A
C0114,T98CE982C9813
C0114,T96BE28BA3700
C0114,T28294F69AF56
C0114,T5C75DBC88637
C0114,T38710F11E3CE
C0114,T5207940A59F6
C0114,TEEFB15CA468F
C0114,TBF223CB768C4
C0114,T0ACCA32678FF
C0114,T7A18A6BB98BC
C0115,T51052D06542C
C0115,T847AD9C0B922
C0115,T1C1C3F432D53
C0115,T5EEBD341EC3E
C0115,T55B200D46507
C0115,T77EDDC6653DB
C0115,T03DEAF658F3E
C0115,TCB5D6C4EA199
C0115,TC00BBE983D0E
C0115,TA47202EBCFBE
C0115,TE874373E55BB
C0115,TF500799CA49A
C0115,TDB2A26C8A1F4
C0115,TC14DEC8618B4
C0115,T3E86D827247A
C0115,TE254DD192803
C0115,T6ADA54AC1B6E
C0115,T947E954DAEC4
C0115,T3C2360F88FDC
C0115,TD3F4D6D93D29
C0116,TBCF9512AC9ED
C0116,TD2A538A4289D
C0116,TCA7F23BAE982
C0116,T72AE0FEA6ECE
C0116,T44F27F7555CD
C0116,T6E0382D4E51A
C0116,TF36A2FBA7E80
C0116,TF2701B853474
C0116,TAFC1F6ED876C
C0116,T8802B538CC36
C0116,T46CA00CF696F
C0116,T233CEEFB525B
C0116,TE4F4311BA65D
C0116,T27A03D2C23CC
C0116,T26773EB5BEB6
C0117,TFFA223075454
C0117,T80EF4F53D5C8
C0117,TDC0DBA1AFB30
C0117,T89137ED21628
C0117,TD731B5A8F84E
C0117,T89387C5B2BCF
C0117,T51174053E241
C0117,TA2F838D22152
C0117,T381D01BA6BA7
C0117,T819856114673
C0117,T6A3C37284F78
C0117,T0A383485C83C
C0117,TEB5C3D9288C8
C0117,T39F874A25847
C0117,T3C4D7B7646AF
C0117,T45BA816E0C84
C0117,T188F9972FBD9
C0117,T88D41CFA3C91
C0117,T5CDB6DB55839
C0117,TB9B11669B28F
C0118,TDBD3AA3F4870
C0118,T132BF811E3CB
C0118,T3E3E59E9EF5B
C0118,TB3DCB9B7DDD5
C0118,T9A59591D39DC
C0118,T5913840A1945
C0118,T83B963CED799
C0118,T712D2668231D
C0118,T12B5C2BF419B
C0118,T02249BE60866
C0118,T5EB08D8B2CC7
C0119,TCF6C61111288
C0119,TB35549EC1331
C0119,TA131CF84F6FA
C0119,T9FE30893FB9A
C0119,T2DD4572A889B
C0119,TC7905EBAE75F
C0119,TB69337A10E5B
C0119,TB29A971CBD7A
C0119,T8A50096E5D05
C0119,TEEB108FA4A50
C0119,T2402F4322CEB
C0119,T9FC9751F9A4D
C0120,T7F17EFF05732
C0120,T8A219C2C0FB3
C0120,TADF81774F8AD
C0120,T9A37E85A9CE4
C0120,TBB99C0016E9C
C0120,T3D7BEB0F72A2
C0120,TE1BC4AE5358E
C0120,TA8A77A22FCB1
C0120,T74B98609C380
C0120,T1830DF2C1AA0
C0120,TCB33AF309874
C0120,T4521AAB5D16D
C0120,T3B06EBE1FF58
C0120,TA15582B58731
C0120,T4D6F1A40E1B7
C0121,T100ACDC0A5C2
C0121,TCC60C7BA5BAD
C0121,T1EC9E0A08679
C0121,T25EC59665A38
C0121,TC00AD7DCA78B
C0121,T0E47E901E4FB
C0121,T7B56DFAAAFBB
C0121,TB0EE57AA5B9D
C0121,TA7D349094852
C0121,T94D308FB0C5B
C0121,T535BBBC06C38
C0121,TE0B896255361
C0121,T75EF0F45887A
C0121,TE6FB0FE3F832
C0121,T175F6EBF0DAD
C0121,T7308F3BC8E43
C0121,TA029494A038C
C0121,TA1B6215B4C95
C0121,T44EB69562B64
C0121,T73D1BE490253
C0121,T686606527D79
C0121,T8BEDBCC57082
C0121,T9A878FD173BB
C0121,TDA7802C76A65
C0121,T9E51AF9E83D3
C0121,TEE0A7652322A
C0121,TF28991969746
C0122,TBE304547100A
C0122,T6DD81B46E8FF
C0122,T3E7A064E5D8F
C0122,T19C7B832DC06
C0122,T699591468C28
C0122,TC6B44C56552C
C0122,T40CA0970CEA3
C0122,T2AAEC8E3C1C9
C0122,T174DA9C05FA4
C0123,TEEFF62B10E98
C0123,TB5C882322ADD
C0123,T731952FA2CC1
C0123,T37D3301BC6A2
C0123,T72087F685C55
C0123,TF7601AB79419
C0123,T84F5B627C34E
C0123,T592CBB0902A5
C0123,TAB86CB2AA3F2
C0123,TC0BC57A5BD5E
C0123,TAD6637385205
C0123,TA211C77105FF
C0123,T0E7349FAEE4E
C0123,TBB177F27339B
C0123,T2944FD35F202
C0123,T1768AA8045E3
C0124,T9AD7A30018F7
C0124,TC0C073DB380F
C0124,TF8D8B1E55F92
C0124,T8691914B128C
C0124,TF9C42D2C2AB8
C0124,T91828D122568
C0124,TFF840F5B923B
C0124,TCCB42B1EB753
C0124,T4D92C83591FD
C0124,TC12519FDE6AD
C0124,T283F8716758C
C0124,T33B2B4BB932F
C0124,T25EC0E8540B3
C0124,TE6C06C736042
C0124,TF4EE2E9015DD
C0124,T317110D73B3F
C0124,TD39E65A0C4BB
C0124,T20F098D3226A
C0124,TD9582210CBBA
C0124,TE606B0981C5F
C0124,T3323D6ECB9C8
C0125,T7C3B8C9E1F7A
C0125,T2B49D3D4DA4A
C0125,TEC57A403D866
C0125,T46ECECD4376B
C0125,TC84194DD4D48
C0125,T0D8E2FE53E6B
C0125,T5B2A32C1C68E
C0125,TB02589313D97
C0125,T87A523A7AE0E
C0125,TE02454F31F3C
C0125,TF3EBB8EB30D8
C0125,T766FE0937344
C0125,T8B62DE83E75D
C0125,T0A2F100D3C54
C0125,T0F8CBCAA6BAA
C0125,T4BBB8CFBF031
C0125,TFE118E5B7046
C0125,T18007C05A810
C0125,T896F438730B9
C0125,TBDC40646C5B5
C0125,TE0D6D787D4B3
C0125,T92CD31051715
C0125,T84C31C0785B4
C0125,T00E5ED93E078
C0125,T78E811944373
C0126,TE47F9B42F6EC
C0126,T6CE263FB5CC8
C0126,T4C20E06BF95F
C0126,TBB27679CB48C
C0126,T0467616D7576
C0126,T90FDF9525419
C0126,TC2B5F6BD634B
C0126,TECE508BE9B09
C0126,T75223D4A229E
C0126,T0CCB1EA05D1D
C0126,TEBFFEC9F684A
C0126,T352B4DC8C494
C0126,T075194DE31C4
C0126,TC0C81C1D2C09
C0126,T298D1F8A34F3
C0126,TBE0725213D96
C0126,T6FD0ACDEF07E
C0127,TA34225286BF1
C0127,T3E9EBDC89274
C0127,T87A656853B66
C0127,TC293881FD3B8
C0127,T1981F36ECDCC
C0127,TC9F28DC0496D
C0127,T1107894A5C6D
C0127,T1B9536D07472
C0127,TB4F8DFE126CF
C0127,T0DFEC45447CB
C0127,TC37B488DB6F1
C0127,TD650311583A0
C0127,TAC610661725D
C0127,T855541B42692
C0127,T1968FC0BAFF4
C0127,T3CCEF1CB5869
C0127,T471ED86FE62B
C0127,T53EFEB7D07F2
C0127,TA3C755CEFFDB
C0127,T540762E711D1
C0127,TA8ECBBD58D5F
C0127,T00C074F03C9B
C0127,T022B7A528955
C0127,T9F43FED19EAF
C0127,T060E14E487B8
C0127,TFCE780290B80
C0127,T20606D3AC8FD
C0127,T250B3C75CA80
C0127,T1075EF2EF947
C0127,TC9F0B21F85D5
C0127,T301E2C978084
C0127,T053DA7E9F1C6
C0127,T249D3AF1E4E8
C0127,TB1421C457303
C0127,T848EA83AFFD6
C0127,T1F5A2B4DCDCE
C0127,T70DB569D88B2
C0127,TE2DB8F209D3C
C0127,TC6647CBE59CF
C0128,T7FF5DC1FDC25
C0128,T8697535E8837
C0128,T774EE94C9A9B
C0128,TE9536B4D9CCA
C0128,TDB771B162824
C0128,T3988D6718ECD
C0128,T27FDC40F280A
C0128,TEBDB0CBB5BAF
C0128,TD8AAD0C8BA3B
C0128,TAA9C3404AFFF
C0128,T9F454B061252
C0128,T4D235A385384
C0128,TB2BA0E0113FB
C0128,T810670E2D17A
C0128,T8EC54071BD18
C0128,TB4224386116C
C0128,TACD33B6C55F9
C0128,TFC3C48A6D39D
C0128,T424C54ACBE1F
C0128,TB82FB2F269D5
C0128,T7E526FDBE774
C0128,TAA988251EF69
C0129,T011D04B8E2CB
C0129,TB260B2F8224B
C0129,T0A8161E1436D
C0129,T1E440C157AA8
C0129,T4F2C20FF02F1
C0129,TD5EFEFB63F90
C0129,T71DC54A5C39A
C0129,T660C11DA18AD
C0129,TDBDAB12A8BD9
C0129,TC5EF94479389
C0129,T3A92C39CB552
C0130,TBFA8C43C61FD
C0130,T15D044AE2F66
C0130,T31C06DD4A1BA
C0130,T0C7861E1F176
C0130,T81AD5264DE23
C0130,T13DAA858C355
C0130,TFD0B0888A60B
C0130,TF271FB08ED97
C0130,T3B162635938C
C0130,T1199FA2939A3
C0130,T37BC7426F0FA
C0130,TD340D9F9144C
C0131,T9A36558E6201
C0131,T7010C3D795EA
C0131,T100C5CCA6EC9
C0131,T18F524CA17C1
C0131,T13E4BCC7B271
C0131,TD387D53362AF
C0131,TE02BB1DAF403
C0131,TA8B3233C9341
C0131,TBE80D0C3CADF
C0131,T9F3343D63B0B
C0131,TE083256788BD
C0131,T687C0760ACA2
C0132,T1A96FF476329
C0132,T5F9C0A4B5E32
C0132,TA531597183F3
C0132,TE5355B716144
C0132,T76C7551CCAF5
C0132,T110563ABB17B
C0132,TE0D5DE22B3B8
C0132,T8AD06B624E05
C0132,T5B761A1F8360
C0132,T9261E385A34D
C0132,T9C59C39A92B5
C0132,T9018D4859F98
C0132,TC5B49A8C126A
C0132,T1DF69CF8959A
C0133,TDFA71173B604
C0133,T2843F5258B1B
C0133,TF2EF50ACAE52
C0133,T197E2569DC88
C0133,T5513BC0B296C
C0133,T33A1E129B359
C0133,T7787786DAD7B
C0133,TA8DD3B4891D7
C0133,T74789E3613B4
C0133,TFB8434469453
C0133,TF68E507E0B25
C0133,TA2AA99C1383E
C0133,T3A5F45C0E13D
C0133,T41F9B313D682
C0133,T31743C09B6A5
C0133,T5A5E5B663DF5
C0133,TF279022BBC57
C0133,TCCF98795D78D
C0133,TC5A04FC9258A
C0134,T14379A822BD5
C0134,T6A4ABBCC37CA
C0134,TD711BDFD6D01
C0134,TFB4D02845424
C0134,T924833FCDE80
C0134,T953A70BEA0FD
C0134,T85ED0ADF7B90
C0134,T2B86C06932C8
C0134,T5FD7CDA7EFAB
C0134,T495299E4DE10
C0134,T6A552D3F5F26
C0134,TA60933F0D435
C0134,T9EAEE8501521
C0134,T055D5E4BFC12
C0134,TBDB00215EC9C
C0134,T6DD87BF54A8D
C0134,T4FC88FE87D48
C0134,TD07CD5AE5EB4
C0134,T62C6E91738F4
C0134,T02F3E5382D9C
C0134,T98C1C68464F8
C0134,TD1E81B82C009
C0134,T6FA28589C170
C0134,T91AA381BE477
C0134,T862D87BC1BBC
C0134,T36B76B16F110
C0134,T07237CB6FF5C
C0134,T9AE48DD0EA75
C0134,T526941306AB5
C0134,T5D495ABC9885
C0135,T301D5B7CD19F
C0135,TCCA5CDCD0FC7
C0135,T2918D185D3FB
C0135,T2EF06D1BC213
C0135,T6E7903FB1CE1
C0135,T88934E3EEC29
C0135,T29D9263F8EE9
C0135,TF23E66DD7538
C0135,T03BDB2A1D82D
C0135,T5B58614D1A9C
C0135,TA5E3EFA86F1F
C0135,T716E53D5571D
C0135,TC0C169B166DA
C0135,T989B4705D7ED
C0135,T49124E9F062B
C0135,T36256C8BC11F
C0135,TDC59E6DD64D2
C0135,TD83566C5275D
C0136,TC0BF3BA8845A
C0136,T000DBFDBD3DD
C0136,T0AEDDBB7D94A
C0136,T56A7CBED6095
C0136,TF4A7CE9117CC
C0136,TB11B6AA5396B
C0136,T4C572E3404E4
C0136,T53FD3D644A1C
C0136,T7D790C513A59
C0137,TCE83791802E6
C0137,T065762BA87B7
C0137,T75A4B5D65048
C0137,TED865C03BADD
C0137,T4DE51377065D
C0137,T56E27F6CCE59
C0137,TF0ADA562D6E4
C0137,T410AF64D1CFA
C0137,T3116BB42FF03
C0138,TBA17BDD5D702
C0138,TAB66BADD4B94
C0138,TDA64830E1144
C0138,TCB8B14BFC75F
C0138,T8FE2F0017EFC
C0138,TEAEFEDCA53BA
C0138,T29E6C47282F5
C0138,TD4E2AC4C400A
C0138,T94589590F9D4
C0138,T0D5DCC2DB909
C0138,TB70AC7C630EE
C0138,T39262637B948
C0138,T76FF6C8788EC
C0138,T38C560892954
C0138,TF3D90ABB3291
C0138,TFC45061976AA
C0138,T14F0D598B30C
C0139,T76F2CFB19B35
C0139,T62D4CA22B96D
C0139,T9FE9A71A882E
C0139,TDF50540B2E25
C0139,T9F6664A4D364
C0139,T2349FE23D27F
C0139,TB577BAE9F706
C0139,T562143119695
C0139,T5EA109C474B8
C0139,T6C886934722D
C0139,T3322EE6A312B
C0139,T1CB34D8F570D
C0139,T011170A3220B
C0139,T92D7F98B9AC6
C0139,TAE1A6280EE6E
C0139,T02E41B31DE32
C0139,TE4AD0698CF89
C0139,TC035C9D9CC52
C0139,T3F9EDE59B28F
C0139,TF9BDFB386172
C0140,T5E9F4D5A3738
C0140,T170E22FA3A4F
C0140,T618B52BEABB6
C0140,T86D01E36923D
C0140,T679F83BDCDF1
C0140,T61B023BA07FF
C0140,TF44E3C65CAC1
C0140,T42BF3DE6C4E1
C0140,T4B91AE73436A
C0140,TEB26C6D1ED86
C0140,TFB056E97F039
C0140,TC0E298861AEB
C0140,T062BCC7E8446
C0140,T9178D769FCDB
C0140,TCE751CA5721B
C0140,T90F72EE0CDE9
C0140,T1728B9ADDB4C
C0140,TF34A9DC6F907
C0140,T66E6D9EB3BEC
C0140,TBD356573855E
C0140,T5A1F76202B2D
C0140,T4B8F4EA0D7E2
C0140,T1D3DEB8917B0
C0140,TE4703F0A95FA
C0140,T36E9AD9A1DAB
C0140,T1BA7AD6246B7
C0141,T58CC1AD7F105
C0141,TAC759FFEA136
C0141,T3059D8E8B3FE
C0141,TEE9BF9497CDC
C0141,TE95D4103C95B
C0141,TFEBEEE6C7324
C0141,T0CD9975E50BE
C0141,T12DA82062805
C0141,TF78513C94088
C0141,T92124062ECD9
C0141,T42371C926686
C0141,T41575E19ED51
C0141,T26E8A834129B
C0141,T51731DB2E0E4
C0142,TE03214D3711A
C0142,T460824F4E85F
C0142,T6E999E728B0D
C0142,T29BAD3F397BD
C0142,T406379E6BC3F
C0142,TC42A73362BBB
C0142,TF5DF45937E59
C0142,T9F0EAD0C6735
C0142,TA04FA30FEC31
C0142,T95325264CEE6
C0142,T8A368A05B0CB
C0142,TCC008D7ED2DE
C0142,T7DC32D03F252
C0142,T78572CE89640
C0142,TA535479A262C
C0142,TF9F7DD63EBD3
C0142,T16C6628395B2
C0142,T2832590D2C49
C0142,T69AC30B36B85
C0142,TDB68E21065F2
C0142,T89E95E5B7FFF
C0142,T58C4E3F46115
C0142,TB875898C2990
C0142,T7AB72C701583
C0142,T36D47E561A32
C0142,TF3BAAA0F58C7
C0142,T22A2231106CC
C0142,T3EEFF9938AE3
C0142,TD23966304C94
C0142,T7E85FE707A55
C0142,T7348EC610F2D
C0142,TA9521E391B78
C0142,T48AD0171F81C
C0142,T9C5EBAB6A4AB
C0142,TF68F4B1609FF
C0143,TBA6645411515
C0143,TB112E1089C6D
C0143,TF3AE3CCE3B5F
C0143,T19A07D12B53F
C0143,TBA8F190AE0EC
C0143,TB6164F331A0A
C0143,T5B4EAA5C0AD6
C0143,T16E842188F20
C0143,T53BABA69AD0A
C0143,TFB13304B8021
C0143,T94B7AADBF9E0
C0143,T38B4C16AF5C7
C0143,TBBBA2575D2AD
C0143,T372D6AE04E17
C0143,TBE0A5D7B76D8
C0143,TC15CE36955B2
C0143,T4A309D91640E
C0143,T666891D1D0FF
C0143,T88FB182EE5D5
C0143,T4EE4BE4C7534
C0143,TB8EC9F528DFE
C0143,T9637FAE34531
C0143,TE60C695124A5
C0143,TA14288FE9317
C0143,T43DC8A07940D
C0143,TA002B0F29A88
C0143,TAA11791F4AB0
C0143,T410874D965D6
C0143,T71B31DD8A919
C0143,T7A62EBEFD542
C0143,T12FA108DD536
C0143,T5FA4AFF537B6
C0144,TFC8DB3B188A8
C0144,TF7B0B3FAAA07
C0144,T4C556EC57FB4
C0144,TE3A88A2AB3DB
C0144,TEACF9BFA1A89
C0144,TD073AFC0E3CC
C0144,TE1957B9BBAFA
C0144,TF9D855F7288F
C0144,T7CD43AA97C86
C0144,TEB4693F9D46D
C0144,T6DE144F967A9
C0144,T1B4464626EC1
C0144,TD86A05AD8299
C0144,TD3E5308F38AB
C0144,T5FB105CBBF11
C0144,T9CA9B66988E9
C0145,TA8559AA5FA3B
C0145,T96ECC131B6EA
C0145,T0206E0A3E134
C0145,TBB5C5C8A9CC5
C0145,T3476D4C38B11
C0145,T93B873259BF5
C0145,TB2720CCBF3D7
C0145,T57BABB89B5D8
C0145,TF7B7358CAEFD
C0145,T7D6BDDD67B83
C0145,TF8E96DDDDF11
C0145,TD8775E6D41A9
C0145,TE6A6E7FD5EC5
C0145,TAC7156745D05
C0145,T88A77CB4A3CB
C0145,TC39DBA165F0B
C0145,TE57215C13101
C0145,T48C7E7E51C05
C0145,T396485043222
C0145,TD5ECF3FF1769
C0145,TA40F24328394
C0146,T46DE68413C24
C0146,T039F447B285B
C0146,T64D6A16AAB17
C0146,T47DADF6B80A2
C0146,TBA77D0FB70D4
C0146,T2B9DD44552CB
C0146,TE5EC9EA1557C
C0146,TAB565BDB7756
C0146,T14B45FD7F425
C0146,T68A2DD1A672B
C0146,TF6C3804BCB81
C0146,T98EFF2A38F94
C0146,TFFC6D9247404
C0146,T70F24138BDD5
C0146,T79F4095DADB5
C0146,T4FC191CC5C1F
C0146,TA1E341AB5AEA
C0146,T1CF4544A699C
C0146,TAF892DA83422
C0146,TF85358EFACC9
C0146,T520B088EAA63
C0146,T4E72DE44F51A
C0146,T1AD9BA60F1B1
C0146,TFD121058F3B7
C0146,T170D8D43D0AA
C0147,TAE90FB3611E7
C0147,T0762F4F50A26
C0147,T950D88296CC2
C0147,TE8418A867274
C0147,T708E05296638
C0147,TB1681662A5E3
C0147,TF7BA25801C8A
C0147,TF80C6E9EF9C7
C0147,TF22A9C1D2B02
C0147,T9FD67D65B5D1
C0147,T1DF11839A2EB
C0147,T4963E26EFA44
C0147,TAB9909611A6D
C0147,T83373DE3C4F0
C0147,T2C442DA78550
C0147,T92811B67FD53
C0147,T5AABDB45BFE1
C0147,TCC7AEE4347AC
C0147,T24B1F223241A
C0148,T572B88305AD4
C0148,T1E3AC1E9B8D1
C0148,T6349C3910C37
C0148,T1E17D8B66768
C0148,T24D7B9C78EE5
C0148,T8613DA319364
C0148,T2A864EC70EA7
C0148,TE9B020F253C2
C0148,T70000555B654
C0148,TB0A744122859
C0148,T493ED0C7A76B
C0148,TAF7F75FFBD93
C0148,T596965D7F330
C0148,TA8177B027334
C0148,T2815BC9DC25E
C0148,T44F290E103C4
C0148,TA1C71328D202
C0148,T94689D7EBCA5
C0148,TFC38F73AE630
C0148,TFFDA9B67426F
C0148,T99BEFBFFEB2E
C0148,TE711FDA2B568
C0148,T6FFDE48045F3
C0148,TBD403DA3FBF7
C0148,T9AC21B69466D
C0148,TD77781BDC0C8
C0148,TB5E7361DA613
C0148,T0065BE08EF6D
C0148,TA7E5A69827BA
C0148,TAFAE85C1B36B
C0148,T36158DEB0F75
C0148,TBF69B36FB4E6
C0148,T42FC808F7A69
C0148,TB9FD0196E013
C0148,T1AD53AFFC216
C0148,T99193096D250
C0149,TCD0DE07A4BF4
C0149,T17FC4BDECF79
C0149,T02AADAEC8C19
C0149,TF07101D262AA
C0149,TBC88D43852F9
C0149,TDDB2B686A240
C0149,T4DE4DF268C1B
C0149,T46713FFB02DA
C0149,T696785E885C7
C0149,TADDA20630B76
C0149,TF161C8900BD5
C0149,TA7FBD3B9B03A
C0149,T251D3C10A6AA
C0149,T1B617F477958
C0149,TF1AEB7D12EB2
C0149,T0AE9B89B3615
C0149,TBD367BB03717
C0149,T02A9E4F6A81A
C0150,T0AD6F2227ADA
C0150,T7DDA729DCF1A
C0150,TF80DF89C15E4
C0150,T2CEF56CB754A
C0150,TF51E0EFC6252
C0150,T5969885239DB
C0150,T3B6ACBC731F5
C0150,T63E8ACE1BB82
C0150,TEB7956801A8D
C0150,TC53B61E54A54
C0150,TBFEE27C38CB6
C0150,TD3727ECB07CD
C0150,T6C86211A425E
C0150,T652C6C41F960
C0150,T8A868D89F025
C0150,T8C83C3F72890
C0150,T3EBB4B3187C2
C0150,TAFE334FA58F7
C0151,TF25CB47C2A70
C0151,TB155988ADE94
C0151,T6D84A789C096
C0151,T11413BAA5E4D
C0151,T0A219505EAE7
C0151,T314D4C6409A3
C0151,TC5E73D6426D3
C0151,T67298E7CA9F5
C0151,T32987166F39D
C0151,T2D472A36F777
C0151,T6096F22584A8
C0151,TB27E653A9F20
C0151,T2670ABD46E2A
C0151,T1A3ABBA49C18
C0151,T396CA5A2061A
C0151,TD3F68CAF9E14
C0151,T7EB73E19FC04
C0151,T2168BBABB7CA
C0151,T9CAF7C3D35E7
C0151,T4DC0B22E4827
C0151,T0B6F92BD88C3
C0152,T45BAE2C5B3F4
C0152,TD8D6B41D4070
C0152,T97AC7DD9096A
C0152,TAA5243D05986
C0152,TBCAB088B5798
C0152,T0C0BC146E47E
C0152,T8040ACAC5693
C0152,T6ABEC8FACED2
C0152,TA292799F0FDC
C0152,T8D95BE1A62A4
C0152,T7B920BB7B7D8
C0152,T3F1D606966DE
C0152,T218C825034A8
C0152,T6B35758DCFFF
C0152,T6F9DF86BC6D8
C0152,T2AC0F198431F
C0152,T531E8195585F
C0153,T13CC96AA3014
C0153,TB9CAB7EC3A44
C0153,T4F25E388688A
C0153,T059FE15B5376
C0153,TF0253C96B9A6
C0153,TA2164D889BF8
C0153,T62D162FC21DB
C0153,TBFB4580A748F
C0153,T24CC7E6AD7E2
C0153,T32485A270803
C0153,TEA014C5AA09B
C0153,T2683064AC9D5
C0153,T6D807085234E
C0153,T2F2F8819D81E
C0153,T029964F64120
C0153,T01CBFFFEBEEE
C0153,TCF2AB5997AD1
C0153,TC5B348F112BF
C0153,T8F1D74456387
C0154,TCE362CFD2DBF
C0154,T3DA5031F1BAB
C0154,TE905EA9610DD
C0154,T6DDF514003EA
C0154,TA336E1E72790
C0154,TBE3DEB4F04AC
C0154,T844693857923
C0154,T5223920A5862
C0154,T85C20234804B
C0154,T568900BB865F
C0154,T82206BB86202
C0154,T66385E5463E0
C0154,T976402AB1C8D
C0154,TB6B8BB1F5408
C0154,T87CC9D50C847
C0154,T1F42384B3B9A
C0154,T5A5614829965
C0154,T501A134874CF
C0154,TD331E91FD0ED
C0154,TE88A74C0C4D7
C0154,T04B415CE1B4D
C0154,T61E994DD1488
C0154,T1ADD16699972
C0154,T7EC1B5D50B46
C0154,TD312086F0AB3
C0154,T494B3B57F3D9
C0154,TFD26395FCEBA
C0154,TE3C4CB40E05B
C0154,TCE9973F88463
C0154,TC27B31CF59DD
C0154,T4D55454B0FB5
C0154,T163D2EA55226
C0154,T3337B4849046
C0155,TEA659BF74C94
C0155,T0217036BC116
C0155,T81DC20A20C3E
C0155,T8CE3B305C393
C0155,TAAFAFD65AE88
C0155,T92DCFC4EE3AD
C0155,TADF978C15DDD
C0155,T86EA2D3C786F
C0155,T2BA1F6A6373E
C0155,T525F1E28AB57
C0155,T767DC3A8ABBD
C0155,T916BF75B0ECE
C0155,T1C8AF826D0CF
C0155,T752018012259
C0155,TBF6E723F5562
C0156,T2414FA1AA5D5
C0156,T7617BDB9BDD3
C0156,T5E47A8FA2629
C0156,TD88A8988F4E3
C0156,TA5D24AF875B3
C0156,TB9B8EB2887DE
C0156,T63D4BF6CAB2D
C0156,TD792B6A12242
C0156,T88DB978B068A
C0156,TDB40233B82E1
C0156,TD3F439F9FDE5
C0156,T0A58F5A5ADD4
C0156,T5F27CC856C7A
C0156,T929F90289B52
C0156,T1FD64979AD4C
C0156,T86A8307F13FB
C0156,T4D1FB25DB009
C0156,TCA225698C895
C0156,T0909C215FD83
C0157,T6F05EDC9273B
C0157,TCC2C82B49308
C0157,T225BA89CBEFB
C0157,T72B3662BA0CC
C0157,T27033878C6B9
C0157,TB0FD29CCDFCB
C0157,T31CD76C7DDA4
C0157,TF09D07CDCD4A
C0157,TEFE895A3D07C
C0157,TA7ED3511B38A
C0157,T8134569E143B
C0157,T0651432737DB
C0157,T1806313B65D4
C0157,T9710A665A735
C0157,TDDAA35F29789
C0157,T584A384F7D08
C0157,T2AA8E461940D
C0157,T1FBD2A11F8E4
C0157,T6154F8154628
C0157,TFACFC2A31173
C0157,T24827E1EB9DC
C0157,TE0C475940771
C0157,TB40EE70A08C4
C0157,TBDFC90CD1027
C0157,T2A3597AB32F2
C0157,TA387D438247E
C0157,T70BADADCC1FB
C0157,TA808C4A46577
C0157,T7B8D41F97C77
C0157,TC89BA7A305C5
C0158,T69C6257E9119
C0158,T9B9B67789432
C0158,TEEF8BE81585A
C0158,TFE8EB7C2BB05
C0158,TEBD2218C35A8
C0158,TA9B1D8223BEF
C0158,TD9A7507EFE60
C0158,T5FCF4E1357B4
C0158,T9568F3D3421A
C0158,T9BF12FD43173
C0158,TA19BB0D954F4
C0158,TEA3A866F488C
C0158,TF27E05E8EEC3
C0158,T84FFAFE7FE78
C0158,TA6F5F31496E4
C0158,TD08C78136A17
C0159,T42E0A5ACF331
C0159,TCF2F8305CD54
C0159,T7E015B29337E
C0159,T4882B63D17A8
C0159,T6A5900D5656A
C0159,TDF797E4AC876
C0159,T30AF71925711
C0159,T1381D5B14D20
C0159,T89794ABF9D74
C0159,T1F70AD451035
C0159,T4E29BEB1CF4A
C0159,TB85C752E5E94
C0160,TEF7F8ED27EEA
C0160,TE76796A0810B
C0160,T9298F09827DA
C0160,T3E5C8D359B17
C0160,TD15CE31CAE7C
C0160,TC2212EB222BB
C0160,T6666637FA79C
C0160,T86014F37A16C
C0160,TF001A705ED0A
C0160,TAB741B0B8068
C0160,T6EAB63EB80C0
C0160,T0F4103C72EE3
C0160,T506D7D6FD632
C0160,T3CF53B090193
C0160,TC35641107567
C0160,TED98CCEF9425
C0160,TA07A87970A15
C0160,TA91EDFF48478
C0160,T04B3E6686C1C
C0160,T93099FBE9037
C0160,T40FDD3BC9E5B
C0160,TAD4C7FFA195C
C0160,T12750B8DBE5F
C0160,T222529E40AD1
C0161,TCC042DE73051
C0161,T306068E1D806
C0161,TF7BCB0CCEB9E
C0161,TA7F01BB18E73
C0161,T1BEF9F88B3AD
C0161,T79614C39F0D3
C0161,T308B01A7C78E
C0161,TA7EABA4430DE
C0161,T4AB278310CFB
C0161,T8ADBD7C944F5
C0162,TFEDA14246724
C0162,T07005B549187
C0162,TE0C137CDB9DD
C0162,T38673F650259
C0162,T6DCA2480D587
C0162,T767933C1AF15
C0162,T9ABE23BF663A
C0162,T1A78535FDA01
C0162,TE5E9D0C59182
C0162,TC480A87FD81B
C0162,T02A731785A3E
C0162,T89CCF7C29AFE
C0162,TE7F45F23E222
C0162,TC55C2752B2F8
C0162,TB85857EDB2B9
C0162,TF62CC4B6BAD9
C0162,T9427A28D006E
C0162,T85DA0F612AC3
C0162,T67C6EDF2DC71
C0162,T6904A88951D2
C0162,TE9973ABCE0E6
C0162,T04080C67F74E
C0162,TB00D0B6B966F
C0162,T2E6D0081BBB2
C0162,T0AA00C136615
C0162,T5A3E9472C884
C0162,TB30B5F4D6D57
C0162,TCA677BAF09C8
C0163,TD8BE4B67ABC8
C0163,T0242025C5A46
C0163,T49BF21A8A81F
C0163,T99BA85294B40
C0163,TB707ECCFB275
C0163,TD87FD540EA03
C0163,T24C57B904670
C0163,T23DE48C0B506
C0163,T20399AE532B0
C0163,T02F79B082048
C0163,T38A4FC085B97
C0163,TAB867342F3A0
C0163,T80F413212F58
C0163,TB673BE3E0DFC
C0163,T8F5D9EEECF69
C0163,T0BDDD17070D4
C0163,T65C8C32D3F11
C0163,T63274EBDECF1
C0163,TC10003D7AF3B
C0163,T865E50E4246F
C0163,TD518781F434C
C0163,T5FE57A140BDE
C0163,T441380173E52
C0164,T96BCCB53DD6D
C0164,T11FC084C8554
C0164,T07C6E4F99626
C0164,T91EB3A81BDBD
C0164,TC527C0EA54FB
C0164,T82FC9F821E74
C0164,T6716AEE3B4C3
C0164,T5EE76DD9EC4D
C0164,T6D0373BBEA08
C0164,TB21FBAD1A39C
C0164,T4463E6936654
C0164,T6CC4631E6E3D
C0164,TA15172B618EB
C0164,T42E13D31CB65
C0164,T8689E19F960A
C0164,TCDCCFB167D38
C0165,TA15D9F9A486D
C0165,T43088BBF4EF1
C0165,T32BEA56AE01F
C0165,TA03FDD4382D1
C0165,TB8812205C406
C0165,T9FF2E112C810
C0165,T8F6D927951F5
C0165,T206C54B8A419
C0165,TA9F9AAE9336B
C0165,T91CC7EB85D17
C0165,T069AF6D31203
C0165,T46D96C789DC8
C0165,TDC63590D0AF5
C0165,T316AB6D05C8B
C0165,TAA9820F28303
C0165,TAF567CFC4002
C0165,T93F45F1C2D31
C0165,T53C6BA4C94E1
C0165,TDFDB875AEBF8
C0165,T63EA6A8AB29B
C0165,T2495B4CF2250
C0165,TA255D844E1B2
C0165,T0ADE464A674D
C0165,TDCDD36E90331
C0165,TC147A50FE9E9
C0165,T4FA85206BCD3
C0165,T67AA3CBA22CC
C0166,T9ACC93A115C0
C0166,TE742C03072B9
C0166,TB592D5897C42
C0166,T4CBF665F0B3B
C0166,TB519F741EBE4
C0166,T7468A3D3E342
C0166,TE88157D533E1
C0166,T087EF4119CD5
C0166,TF5F05BEA99FF
C0166,T65860A2E3B63
C0166,T11BC5C0E41A4
C0166,TFBACFB82EEA4
C0166,T91083F3DAAB6
C0166,TF8F7C6F43FBF
C0166,T000EB74F6134
C0166,TBF079E1B4C6A
C0167,TDA4D70ECBFEB
C0167,TE1D04672D0AB
C0167,T1357CFF795BF
C0167,T0D6B7C4A7E05
C0167,TFFF6DF9E577E
C0167,TA620F398D9CE
C0167,T7CAF0CCCB04D
C0167,T70DCF8BD7CD1
C0167,T62AF6CDA0B47
C0167,TE44388EECBF0
C0167,TE0857DB4FF28
C0167,T55546DC978CB
C0167,T25E134F1D6F1
C0167,TBF9DA7757952
C0167,T7A21C41AA887
C0167,TCDB4A7DE3761
C0167,T0391FD3880BE
C0167,T440B18E06EA9
C0167,TDA71FD56CB5E
C0167,TF167344028FF
C0167,T04911EF0DF2C
C0168,T54BE141FC654
C0168,TEFA0AF728C7D
C0168,T8F50CB79F35D
C0168,T738C15481093
C0168,TAEB7DF5BD5C4
C0168,TEA29BC43EF9D
C0168,TEF9F5DD583BF
C0168,TDDFF83565A4C
C0168,TDE1DF1AE23C5
C0168,T214CA4393298
C0168,T7A9061C66F59
C0169,TEDC84EC774D6
C0169,T7437DDCE58FC
C0169,T1CC461B26D6F
C0169,T558045FB7641
C0169,T5451C3BCB65A
C0169,TBE7448D62409
C0169,T9B0EAEAD911B
C0169,T6A15E4112BFD
C0169,T879E2888B14A
C0169,TAD2FAD421D3A
C0169,T937B0BF4FAAF
C0170,T897BE87BBB7C
C0170,TDC41926647CE
C0170,T1B9BB530B36C
C0170,TBA913C5F549C
C0170,TB1F45DA71F02
C0170,T2AE680ADF0FF
C0170,T6B6403E880E0
C0170,TA9D8AF65D3A0
C0170,T6D6C82378F3F
C0170,T35B3CDB824D0
C0170,T72F5FE4CC767
C0170,T64C1DA45CD5E
C0170,T57967271DFD0
C0170,T256488CBB44D
C0170,T115B305556EE
C0170,T8B9168C97456
C0171,T95F3A6C87D85
C0171,T38ACD72AF057
C0171,T4BE524B8A2F4
C0171,TECB85427328D
C0171,TA70F76BCC9E1
C0171,T1A70296133FF
C0171,TC1200ACAED9D
C0171,TDEFA428502D4
C0171,T61A121ACF54A
C0172,T7E9FE6490314
C0172,TB963EFAFDE82
C0172,T3E1225B8F02D
C0172,T4969E8956FDC
C0172,TB84F03630A2C
C0172,T3063AB3D7F3F
C0172,T89FEE4A71CDD
C0172,T083A70DA1BF8
C0172,TFD8F51A47FBA
C0172,TAAC7FB31CF4A
C0172,TC8E359E7950B
C0172,T4FC4E67E5BAD
C0172,TC3F867A5805F
C0172,T800E9681EEEE
C0172,T9CC4BD1E2B23
C0172,TF1637EBA2753
C0172,TE01A263E1032
C0172,TA82F3DBF9D8A
C0172,TD7986EAB98A3
C0172,T75EF378B0EA5
C0172,T2F6355F08C63
C0172,T09B3EA2CD331
C0172,T48D324DCCB12
C0172,T7481F5D329A6
C0172,T1C31576B2A7C
C0172,TA95FA9C26D42
C0172,T0895FEFFEBBE
C0172,TAC4078852A2B
C0172,T1346173A3C4F
C0172,T732DC3AF2D01
C0173,TD66D5BFCDAFF
C0173,TE0D6D696F8D9
C0173,TB105857182AB
C0173,TE8F83E534351
C0173,TD4A90853E4CA
C0173,T883551DD9362
C0173,TAA9A34568E92
C0173,T2DA933D3028B
C0173,TD471BD8E614A
C0173,TA7B469DFB4FE
C0173,TEE12E49CE814
C0173,T93D3EFFE80D6
C0173,T8C3309B3BA4C
C0173,T21D48414617C
C0173,TE73475290355
C0173,TC52EC8E34EFC
C0174,T45D4353FBA0F
C0174,T44D5C21A9B52
C0174,TD8D60DDC22AB
C0174,TAE3077AF7F85
C0174,T9956DE70E626
C0174,T177F667D1DC6
C0174,TD2C06DF219A4
C0174,TEA949E1DA4EB
C0174,T9FA91FB483D5
C0174,TABF380914D30
C0174,T1A9677F9248B
C0174,T532743B7E481
C0174,T3256827E75E8
C0174,T30064FFA68F5
C0174,T86828D706024
C0174,T211D23A2D51A
C0174,T918DEA68E12F
C0174,T4401F3A7F3C1
C0174,TFB434EB641A5
C0174,TE19F87301500
C0174,TA0BDA2C0BA47
C0174,TD66F66B2AF0E
C0174,TB942C75C29B5
C0174,TFD8B93194294
C0174,T1354CE83BD07
C0174,T7104A6EF2A35
C0174,TB88D41902A3A
C0174,T13125575B579
C0174,T634D153F36DE
C0175,T26EAE99B1908
C0175,T573A7A96C070
C0175,T5400A319B1D4
C0175,T96F86F0F1FFC
C0175,T263B992BA490
C0175,TDB47D260483B
C0175,T8AAD600A18CF
C0175,TD0A07F240795
C0175,TE3F3B20E58A9
C0175,T5111DF56010D
C0175,T59C2C333ED0A
C0175,T15FF9BCEE4CA
C0175,T607D27E8A069
C0175,T00F28810DDDB
C0175,T166C63875890
C0175,TAA33BC75ACF2
C0175,TCA11521D1255
C0175,T96FA612FD94F
C0175,T2DEB8C684E1A
C0175,T927FB5687986
C0175,T9F9A4DA50B3C
C0176,TC2F7B6483B55
C0176,T21A8E51FE3D6
C0176,T36D2568DA136
C0176,T97CD3DE517A4
C0176,TE1F458A83F28
C0176,T272462E2405D
C0176,TC8AB43CBFAB4
C0176,T091CD993B8A1
C0176,TBEB1D988A9AD
C0176,TAAB14E63D4BD
C0176,T51319C428F2E
C0176,T80DDAE1E3264
C0176,T01A682154863
C0176,T46D3EBE7A59A
C0176,T531032BE3903
C0177,T534DF46FBD67
C0177,T57583FB03651
C0177,TBB84BE1EB23A
C0177,T93DE0FF41452
C0177,T41AF2EA66361
C0177,TD64FFFAD4019
C0177,T96EB8851488A
C0177,TD196A591A622
C0177,T33A958F8C94C
C0177,T79221D2C8F04
C0177,TDAC3A7D6A015
C0177,TFA60EB79FB17
C0177,TBAE0C1105B06
C0177,T6C3F70E2924D
C0177,T5C859C31F95D
C0177,TCB1CE5606295
C0177,TE4C0859DE5AA
C0177,TC608FE2BC00C
C0177,T2164DB18B022
C0177,T77487DB165E8
C0177,T7FC601E95CDE
C0177,T73B31FD921F6
C0177,T2C019DDE8887
C0177,T0AD8AEA515E8
C0177,TC21BF982035D
C0177,T7571B77AFC46
C0177,TE44BA6426C91
C0177,TCC46CB22D2F2
C0177,TCF2598A94FB8
C0177,T0B3EF78AD6CD
C0178,TD352471FCE23
C0178,T361334BCEBB8
C0178,T1CC6D156494B
C0178,T6474912211C7
C0178,TE7A8C431F4BF
C0178,T14642327FCEF
C0178,TEB68DA104539
C0178,TAD876041FBC6
C0178,T30502414F7B8
C0178,T9052CF8B5A9D
C0178,TD97229DCD586
C0178,T989B72078F14
C0178,T225A2267B576
C0178,TBCDF1CE5BF89
C0178,T063A83D768B7
C0178,T02023F780B6E
C0178,TE2E29943D58E
C0178,T6526D76C06C4
C0178,TB317BE03A9E9
C0178,TF0ED18C0F794
C0178,T91D7030C9E99
C0178,T3B488925C889
C0178,T550A673C92AD
C0178,TFDD02190F3EA
C0178,T0D98679DF7E3
C0178,TF06DE511E282
C0178,T70DCFC725F46
C0178,T8397A46236E2
C0178,T95B8ACFF2C67
C0178,T69264DFF84CF
C0178,T825AD7BA4BB7
C0178,TC4F3AC097938
C0178,TB03A83198797
C0178,TFC6D1716CC4C
C0179,T91325AC2BBF2
C0179,T23CEC582728C
C0179,TB3EAB4245C51
C0179,T687D183BD6EC
C0179,T6884BB3CF2D7
C0179,TC3DEDD3CA598
C0179,T4003040A8BF8
C0179,T50CFBC7C18F8
C0179,T0E4356221685
C0179,T4F385B3CF0E7
C0179,TD680F9C77137
C0179,TB51E53FDBCF4
C0179,T732F89B099D6
C0179,T81D05A2B3102
C0179,TB579C06EC909
C0179,TDD659CFADD88
C0179,T62DB2073CDDC
C0179,T4B9E1BB04840
C0179,TDBE290A3B0B7
C0179,T5724ACB9D657
C0179,T9D363F61B043
C0179,T21861FD08E95
C0179,T44F1CCF276D5
C0179,TA28692C1E49E
C0179,TDDBA5719D230
C0179,TC9E20D123C4B
C0179,T90D64E5AB4DE
C0180,T1D14EF026D4B
C0180,T19B75CAAAA6F
C0180,TB6D281145257
C0180,T79F957988B8D
C0180,T97BF942608B8
C0180,TEAE750893E49
C0180,T65E15FC47F81
C0180,T7D342BE57567
C0180,T990A1870F01A
C0180,T4BA18FD74159
C0180,T958F7E041A26
C0180,T08B0E4039CAD
C0180,T1CB23AB576B7
C0180,TF5B6CF7B5592
C0180,T8D7FA2B7EAB0
C0180,T305E7531465A
C0180,T7EA67250B398
C0180,TEBEFC163914C
C0180,TC312E5A10EEF
C0181,TD4239A034147
C0181,TC901D71F32C2
C0181,T5310D89751D1
C0181,T1E26FF777572
C0181,T40D518464DAC
C0181,TB4E969F70E89
C0181,T216680ACBBA9
C0181,T72A7368F2E77
C0181,T5BC823B97B23
C0181,TB1A92D34873D
C0181,TC9EBD9825BCF
C0181,T10356698AA5F
C0181,TBE128115BF0C
C0182,T8CFEE2E570D4
C0182,T764A42C2B46B
C0182,TF56AB5263A0A
C0182,T6ACD73FAA121
C0182,TABF47793069E
C0182,T5C3610FAF03E
C0182,TA2FD785BC95C
C0182,TAF9F776143E9
C0182,TCE49792D20B6
C0182,T8B09E9B3664C
C0182,TD4E4F5955757
C0182,T06864E2870CF
C0182,T2A64B15BF6F6
C0182,T3A2268A4B557
C0182,T38B7AA85871D
C0183,T51418BD2753B
C0183,TF33104ECF172
C0183,T0B9B6AD3DA18
C0183,T2B741A29F256
C0183,TFC5F12E5291D
C0183,T79BF43E9CFBE
C0183,T1867DB79A5BA
C0183,T6EC091C4387A
C0183,TCFE06467FBEE
C0183,TD85B65A966B8
C0183,T00658CA0E110
C0183,T921F3B2FBC97
C0183,T0337B31698B6
C0183,T33910BC2BFC3
C0183,TAD304F37502C
C0183,T92C1151C32D9
C0183,T1BF37A5B5E96
C0183,TD2958C1A5CAF
C0183,TA61A2F54CFAB
C0183,T4CDD475373C0
C0183,TB194A0B5A4E4
C0183,TB59CF4918569
C0183,T3A5CE6000049
C0183,TD4AB8A5CFE4C
C0183,T25C3F29ADA86
C0183,TBD22992626D3
C0183,TEECB0CE1C44F
C0183,TDDEC8170CD37
C0183,T07E242FC0B05
C0183,T04BE7D15450A
C0183,TB6369F5A3D48
C0183,T511E3CC3BDCA
C0183,T4BBE0C7C91BE
C0183,T9C2B104B9A90
C0183,T0EB013DE2A5B
C0183,TDA4D6D728205
C0183,TAB534A5FC6D4
C0183,TB7E887940EF1
C0183,TE68D73F8C01D
C0183,T06F62DA91781
C0183,TB36A68494678
C0183,T1FA1423B4052
C0184,T5FAA08A24202
C0184,T7E16623E3975
C0184,T9278B574E396
C0184,T355338A2189B
C0184,TA0023621DA50
C0184,T382A8CF064BF
C0184,T319F36028C45
C0184,TF9BF4800C162
C0184,T82D5908F2EDD
C0184,TEECF75AB5BCF
C0184,TAB24ADAE12EB
C0184,T180169F2BA70
C0184,T017E5C10E76B
C0184,TA5950EEB00DA
C0184,TED5AF0A451F3
C0184,TC90B0ED3579A
C0184,T560728C3FD2E
C0184,T9F1B2D4E233D
C0184,T908E94F55A20
C0184,TC7FD2C2A7CC1
C0184,T9EA97106CBD3
C0184,TAAB103C7F45C
C0184,TDEB0CC53805E
C0184,T4EA201E73D38
C0184,TCECD3C0E81A3
C0184,TBA6B95EB69D1
C0184,TD7001372E0CF
C0184,T7A4CB831606D
C0184,T0B56254DEC51
C0184,TC3544E3454C0
C0184,TD34FFF592031
C0184,T1FAA054E2DAA
C0184,TFE9C86DCA1AA
C0184,T13A7169D86BB
C0184,TED55B95357F7
C0184,T799DFE7BCFB0
C0184,TFB3F24C68353
C0184,T6F8C72953801
C0184,T7952519DCA38
C0184,TC0EF146A6D6A
C0185,TF707128C54D4
C0185,T82D678459673
C0185,T617F176F49E1
C0185,TA43739CFA0EA
C0185,T035D0D32F647
C0185,T55FED00298DB
C0185,T9FD275144607
C0185,T6EB6482B826A
C0185,T87E06955E980
C0185,T4CAA45EFC74F
C0185,T332EEF679F14
C0185,TF1062346AEAF
C0185,T5C1BA36C8E96
C0185,TBC81543865F9
C0185,T362061C4AC4F
C0185,TA17DB1D653FB
C0185,T9C32DA6F0F7B
C0185,T9399A3C671AA
C0185,T63E5246A8012
C0185,T346A4F6AC82D
C0186,T2C9A6BFB520D
C0186,T7C50B737AE2B
C0186,T5DAC92E1C4B7
C0186,T4308214335C1
C0186,T159CD56FD53C
C0186,TE9614987BEAA
C0186,TA72D4EF99A5E
C0186,TF3FA5F4E0547
C0186,TB6A3A338A385
C0186,T4144AFD0DFFC
C0186,TD1025A8FBB96
C0186,T12A4C6143A1C
C0186,TC426E4A264E8
C0186,TBE4B5668EDB0
C0186,TF6A5AB18A94D
C0186,T413517055DD8
C0186,TF5FD8CCC4164
C0186,TAE88E802C483
C0186,TA95A1B8DAA62
C0187,T0C0CCC3F70CC
C0187,TF8735E7D6360
C0187,T1ED26151F0F7
C0187,T2DBFFEA7F899
C0187,TDE47FBAF58E9
C0187,T9E2312167801
C0187,TBCCEA33122B8
C0187,T3FAA32BDE09D
C0187,TED0B18418E86
C0187,TFEFD0364D111
C0187,T7EE7E486735B
C0187,T5B751C4FF998
C0187,TE85618E41AB6
C0187,T4878CF4FEA44
C0187,T5ABF7F1DDBE4
C0187,T331569E2FDD8
C0187,T5F44AD748023
C0187,T44EC6D191832
C0187,T0088380EDB87
C0187,TAC00931BFF9B
C0187,TB93F038FF7C7
C0187,T382F323BEE24
C0187,T6302EF29CF49
C0187,T5BF4AEA38F02
C0187,T1A43EA2CA919
C0188,T115BE6D6C132
C0188,TF5CA82920F66
C0188,T918F99720891
C0188,T58A80E523486
C0188,T29BE0E49034B
C0188,T87C1759246F2
C0188,T2CDC833DB940
C0188,T6D2342C16A71
C0188,TD838E52A0D6C
C0188,TEF0C5E534EAE
C0188,T9F65C49F0A9A
C0188,T3459F75BD32A
C0189,T7482862F6386
C0189,TBEEEE99D0028
C0189,T47C35654F6A9
C0189,TD5D5D340E0B3
C0189,T8DD54138264C
C0189,T83C6142A5C11
C0189,T53AB7FAD0A63
C0189,TDC6C7CCD2621
C0189,T833B6D1E51F5
C0189,T162141F3D708
C0189,TA0AF23F9009B
C0189,T28D36B079205
C0189,TA18084027905
C0189,TF54556D34CA8
C0189,T52C7D74B0A53
C0189,T395CB55C8F73
C0189,T428CA01714B1
C0189,T242A801A1337
C0189,TEB502A34C3B1
C0189,T6970412B8A9C
C0189,TBEB3D2A37E8F
C0189,T2427A2C96B4A
C0190,TA50E059C89AA
C0190,T3C7308E32BD1
C0190,TA3A24AC1BA34
C0190,T6A10E36D5BCC
C0190,T45F9123164E7
C0190,TB7649CBC082C
C0190,T484C6389CCEB
C0190,TB360CC32B9A0
C0190,TFC2EB1036C47
C0190,TF737A16C7F1B
C0190,TA0946051F281
C0190,TD166B5A92DFE
C0190,T03497C2BC73E
C0190,T577D93A7449A
C0191,T1D6B5A252079
C0191,T2CA4CE95776A
C0191,T76BA948C0F26
C0191,T8EBADC784986
C0191,T0E20EF1CE591
C0191,T7355C881CD72
C0191,T863A5DAFADE2
C0191,TB0234DF14974
C0191,TE0D9BBF415CF
C0191,TF14AB04F2467
C0191,TDB9D6CC4D818
C0191,T2040BEA1810A
C0191,T13AC8ECD0953
C0191,T8F461E56D694
C0191,T59D8C2FCAD27
C0191,TDDCAF8B98E6C
C0191,T440562D4AB86
C0192,TAB523E077226
C0192,T4D2E20A7CD80
C0192,TC5C43659AD28
C0192,T205C31CC606E
C0192,TD65676D6814D
C0192,T64640E23D99B
C0192,TB35D191C7C23
C0192,TCD8D77833507
C0192,T52F23DBC2622
C0192,TDDD2498BAF2A
C0192,TE73CFA949223
C0192,T293A402AC189
C0192,TDCBA812BCFFC
C0192,T4E61FD16D9B0
C0192,T5DC8C74FA760
C0192,TF801EBA23CD0
C0193,TE8A1E18E7ECE
C0193,T13BA68603ABD
C0193,T28A595187E60
C0193,T2445D09DE289
C0193,TD2BDFAB33A7D
C0193,T5B1FC7AE1564
C0193,TC40CA067FC26
C0193,T6A1F4BFF0A76
C0193,T5AA5643D4CDD
C0193,T7430749F5591
C0193,TF0FDA330C997
C0193,TD61C376D8A2D
C0193,T18D6DCA9394D
C0193,T85A5FB66FCC1
C0193,T50A06ECDCFC0
C0193,T225A68D54373
C0193,T9B64FCB1D005
C0193,T82547476F672
C0193,TE59F878E7473
C0193,T75290F759E2A
C0193,T790503CA9557
C0193,TAE4AA19AADA6
C0193,TA1B37BDDB18D
C0193,T069A5DD5B290
C0193,T8ECCFFDE094B
C0193,T0AEB35D5EF64
C0193,T780B0FC8ACD8
C0194,TE60C4F4A5615
C0194,TF94295F2CF9D
C0194,TFE61F1698465
C0194,TF4B9B23E501B
C0194,T77B4F60E45A8
C0194,TEAFC01544F44
C0194,T3632D941C51B
C0194,TE3BF9FC0DA3A
C0194,TED217446C34D
C0194,TD8407FF0D47B
C0194,TB8E9A07BEF40
C0194,TCA723773D33D
C0194,T0F6449ED9BC3
C0194,TEC2E0802E101
C0194,T0E0B89DB060F
C0194,TAC26EAD981E5
C0194,T4D641AAC985B
C0194,T09AC89360C76
C0194,T6AECFB4913AE
C0194,TCF4E35E2D5FE
C0194,T95E9225F2112
C0194,T5514BACC556D
C0194,T37AE73BDA84F
C0194,TCA8DF6959BD4
C0194,T26C40AAA681A
C0194,TCD78121BF468
C0195,TA006AD272674
C0195,T9BE906D7493D
C0195,T6C9B2617D8A7
C0195,T4FC82B2E3A82
C0195,T5A719898528D
C0195,TB6E513DA3C24
C0195,TC614330AC535
C0195,T0074773AD645
C0195,T59FECD5A1A7E
C0195,TD869FB19711E
C0195,TE694B6C8E82B
C0195,TD2C68F77E89D
C0195,TB578683D15F1
C0195,T41DD1ADC1FA2
C0195,T471B8F359F66
C0196,T6E741F582BB5
C0196,T0E9297C21998
C0196,T51EFD88F98F2
C0196,T0375323538FA
C0196,T5ED7A0B67BB0
C0196,T1B09A68A3F3C
C0196,T2EA6726D9895
C0196,T718A21C1551E
C0196,T17B9B3104F25
C0196,T0CFE331544D7
C0196,TE36ADC2FAE38
C0196,T8F5D2026F45D
C0196,T3286EA7FDE4A
C0196,TCCECBED93A86
C0196,TA4FDD4269D17
C0196,TFCC055EF5419
C0196,TC4BF2B060912
C0196,T43BEA8073481
C0196,T485A84651722
C0196,TE87F04A57FDC
C0196,TE27E4A2CF8AD
C0196,TE665F02E1A10
C0196,T2BE31205A2D1
C0196,T67A755C949B2
C0196,T7D00566F0780
C0197,TB621ABAB8877
C0197,T43F9DE724F12
C0197,T8EE0C51610BA
C0197,T225327BC159B
C0197,TD56CDB66AF52
C0197,T728B20715CD4
C0197,TCF3DD784400F
C0197,T3F1885B04630
C0197,TDC6BB50534D9
C0197,T8569D45B0F84
C0197,T490D4F0E1498
C0197,T8B935AAC633E
C0197,T3B0BCCB7AFD7
C0197,T6FDF3A82D821
C0197,T2F323D507C55
C0197,T94117434E439
C0197,TD80450AA5401
C0197,T67393F687C95
C0197,T82D7A9F7CE05
C0197,TCD3B5B8CAAF7
C0197,TECB81BCC35F7
C0197,T5434C27D2185
C0197,T2C042BFC5D81
C0197,T8D6F2A64C74B
C0197,T77D9E7F76551
C0197,T330E0E6F8DD5
C0197,TEEF7F8F00273
C0197,T0558FD5764C4
C0198,TFA92E045A4DE
C0198,TB35D825BD1C9
C0198,TC78E38A4159F
C0198,T0636B6EDCFA3
C0198,T15F5A14BB7A7
C0198,TFB6A6AB69144
C0198,T71A6FA687F98
C0198,T03444B790428
C0198,T01C81A53E83D
C0198,TACE32C9F5C11
C0198,T22422D8F7060
C0198,T609DDEE89844
C0198,T1CEEC0384EC4
C0198,T60C929425BF1
C0198,TDFABCF93664F
C0198,T443B08DE1C4F
C0198,T67B5C6A8B600
C0198,TBD0AE2240B0A
C0198,T49E5F3FB14B0
C0198,TE9F6A96CA7CD
C0198,T27E71E51FC2F
C0198,T3AA121D18207
C0198,T84A2AF5D13B1
C0198,T2D3EEE1AC011
C0198,T0CED62A27067
C0198,T875CCA27311F
C0198,TD9F7229C5895
C0198,T49BD51BC4BEC
C0198,T3B137C6CF5BA
C0198,TEBD7924B22AA
C0198,T65F09DCB9146
C0198,TD51E7F1C23D4
C0198,TCC2D10621E20
C0198,TFBF7A285AA26
C0198,T10A64E676EDD
C0198,T0754AFD784D2
C0198,T9AC853A01A03
C0198,TC8AC465BFE6A
C0198,T226D8C4464EB
C0198,TF1CE93BCD8C0
C0198,T052452DD5397
C0198,T464B3083276F
C0198,T6201B789E996
C0198,T1FBD92B92CAB
C0198,T36213E714A4F
C0198,T3206F098C00C
C0198,TD9B71F460AB4
C0198,T0592FE448944
C0199,TF1DE6DA9115A
C0199,T1D190D4597EE
C0199,T9C71F6D77EDA
C0199,TDB9D1AC68AB9
C0199,TDD1DF81F2AE1
C0199,T189C845C90B9
C0199,T21AE89315D2A
C0199,T13468EF1498C
C0199,TE22DB86D1822
C0199,T79FA358B4B10
C0199,T6B0F85153B8E
C0199,T44EAA331D08B
C0200,TDDE89A71F1D0
C0200,T4F754578D729
C0200,T218A374EFCA4
C0200,T2EF096C16E9C
C0200,TF682BE7C3DF2
C0200,TBB108AA290BE
C0200,TD4D3A7FD1F58
C0200,TAF65F552EF04
C0200,T62E358417829
C0200,TA94F085EE3AD
C0200,TBA0624FC2F65
C0200,T61217BEB628D
C0200,T70EE1FF177EE
C0200,TC30370F613C5
C0200,T4E2FFCD9B858
C0200,T3A6C5C73943B
C0200,T3C87D3C1844E
C0200,TA1856CBA1F77
C0200,T7F298942B7AD
C0200,T99FA731F64E6
C0200,TF79F9FB4A77B
C0200,TD2AB3CBB386A
C0200,T229839FAD25F
C0200,T93E5A57280BA
